name,town,num_total_pop,num_male,per_male,num_female,per_female,num_under5,per_under5,num_age5_17,per_age5_17,num_age18_24,per_age18_24,num_age25_34,per_age25_34,num_age35_44,per_age35_44,num_age45_54,per_age45_54,num_age55_64,per_age55_64,num_age65plus,per_age65plus,num_total_pop.1,num_hispanic,per_hispanic,num_white,per_white,num_black,per_black,num_asian,per_asian,num_other_race,per_other_race,num_households,num_family_hh,per_family_hh,num_family_hh2,num_married_hh,per_married_hh,num_male_hh,per_male_hh,num_female_hh,per_female_hh,num_married_hh_kids,per_married_hh_kids,num_male_hh_kids,per_male_hh_kids,num_female_hh_kids,per_female_hh_kids,num_total_units,num_vacant,per_vacant,num_occupied,per_occupied,num_owner_hh,per_owner_hh,num_renter_hh,per_renter_hh,num_ages16_19,num_disconnected,per_disconnected,num_age25plus,num_less_than_hs,per_less_than_hs,num_hs_plus,per_hs_plus,num_bach_plus,per_bach_plus,num_total_pop.2,num_foreign_born,per_foreign_born,num_entered_2010later,per_entered_2010later,num_naturalized,per_naturalized,num_not_citizen,per_not_citizen,num_age5plus,num_english_only,per_english_only,num_other_home_lang,per_other_home_lang,num_other_lang_low_english,per_other_lang_low_english,num_spanish_home,per_spanish_home,num_spanish_low_english,per_spanish_low_english,num_age16plus,num_in_labor_force,per_in_labor_force,num_civilian_labor_force,per_civilian_labor_force,num_employed,per_employed,num_unemployed,per_unemployed,num_not_labor_force,per_not_labor_force,per_unemployment_rate,num_workers,num_work_home,per_work_home,num_work_not_home,per_work_not_home,num_drive_alone,per_drive_alone,num_carpool,per_carpool,num_public_transit,per_public_transit,num_walk_bike,per_walk_bike,num_other_transit,per_other_transit,num_children_in_fams,num_children_all_parents_work,per_children_all_parents_work,num_employed.1,num_management,per_management,num_service,per_service,num_sales,per_sales,num_resources,per_resources,num_production,per_production,num_households.1,num_hh_inc_under10,per_hh_inc_under10,num_hh_inc10_15,per_hh_inc10_15,num_hh_inc15_25,per_hh_inc15_25,num_hh_inc_under25,per_hh_inc_under25,num_hh_inc25_50,per_hh_inc25_50,num_hh_inc_under50,per_hh_inc_under50,num_hh_inc50_75,per_hh_inc50_75,num_hh_inc75_100,per_hh_inc75_100,num_hh_inc_100plus,per_hh_inc_100plus,num_hh_inc100_150,per_hh_inc100_150,num_hh_inc150_200,per_hh_inc150_200,num_hh_inc_200plus,per_hh_inc_200plus,num_avg_hh_inc,num_families,num_fam_inc_under10,per_fam_inc_under10,num_fam_inc10_15,per_fam_inc10_15,num_fam_inc15_25,per_fam_inc15_25,num_fam_inc_under25,per_fam_inc_under25,num_fam_inc25_50,per_fam_inc25_50,num_fam_inc_under50,per_fam_inc_under50,num_fam_inc50_75,per_fam_inc50_75,num_fam_inc75_100,per_fam_inc75_100,num_fam_inc_100plus,per_fam_inc_100plus,num_fam_inc100_150,per_fam_inc100_150,num_fam_inc150_200,per_fam_inc150_200,num_fam_inc_200plus,per_fam_inc_200plus,num_pov_determined,num_poverty,per_poverty,num_low_inc,per_low_inc,num_2xfpl,per_2xfpl,num_under6_pov_status,num_under6_poverty,per_under6_poverty,num_under18_pov_status,num_under18_poverty,per_under18_poverty,num_over65_pov_status,num_over65_poverty,per_over65_poverty,num_families.1,num_family_poverty,per_family_poverty,num_occupied_units,num_0_vehicle,per_0_vehicle,num_1_vehicle,per_1_vehicle,num_2plus_vehicle,per_2plus_vehicle,num_1less_occupants,per_1less_occupants,num_1more_occupants,per_1more_occupants,num_owned_units,num_val_under50,per_val_under50,num_val50_100,per_val50_100,num_val100_150,per_val100_150,num_val150_200,per_val150_200,num_val_200plus,per_val_200plus,num_val200_250,per_val200_250,num_val250_300,per_val250_300,num_val_300plus,per_val_300plus,num_owned_units.1,num_owned_cost30,per_owned_cost30,num_owned_cost50,per_owned_cost50,num_rented_units,num_rented_cost30,per_rented_cost30,num_rented_cost50,per_rented_cost50,num_units,num_units_cost30,per_units_cost30,num_units_cost50,per_units_cost50
Asylum Hill,Hartford,9609,4958,0.516,4651,0.484,539,0.056,1246,0.13,1045,0.109,2609,0.272,1e3,0.104,1100,0.114,1116,0.116,954,0.099,9609,2467,0.257,1282,0.133,4689,0.488,830,0.086,341,0.035,5153,1966,0.382,1966,757,0.385,174,0.089,1035,0.526,234,0.119,38,0.019,692,0.352,6190,1037,0.168,5153,0.832,631,0.122,4522,0.878,335,21,0.063,6779,1315,0.194,5464,0.806,1922,0.284,9609,2698,0.281,873,0.091,1077,0.112,1621,0.169,9070,5350,0.59,3720,0.41,1375,0.152,2121,0.234,805,0.089,8082,5661,0.7,5661,0.7,4898,0.606,763,0.094,2421,0.3,0.135,4792,102,0.021,4690,0.979,2914,0.608,304,0.063,844,0.176,508,0.106,120,0.025,1719,1423,0.828,4898,1928,0.394,953,0.195,1102,0.225,114,0.023,801,0.164,5153,807,0.157,583,0.113,559,0.108,1949,0.378,1472,0.286,3421,0.664,1008,0.196,280,0.054,444,0.086,345,0.067,57,0.011,42,0.008,43310,1966,291,0.148,125,0.064,215,0.109,631,0.321,570,0.29,1201,0.611,338,0.172,180,0.092,247,0.126,197,0.1,25,0.013,25,0.013,9484,2447,0.258,4801,0.506,4683,0.494,656,240,0.366,1739,713,0.41,950,196,0.206,1966,482,0.245,5153,2152,0.418,2374,0.461,627,0.122,4793,0.93,360,0.07,631,125,0.198,197,0.312,144,0.228,96,0.152,69,0.109,36,0.057,0,0,33,0.052,631,149,0.236,39,0.062,4522,2100,0.464,1069,0.236,5153,2249,0.436,1108,0.215
Barry Square,Hartford,15752,7665,0.487,8087,0.513,1090,0.069,2820,0.179,4176,0.265,2031,0.129,1469,0.093,1921,0.122,1140,0.072,1105,0.07,15752,9361,0.594,2673,0.17,2783,0.177,637,0.04,298,0.019,4832,3210,0.664,3210,921,0.287,615,0.192,1674,0.521,320,0.1,256,0.08,1096,0.341,5570,738,0.132,4832,0.868,995,0.206,3837,0.794,2022,109,0.054,7666,2844,0.371,4822,0.629,1101,0.144,15752,3237,0.205,678,0.043,871,0.055,2366,0.15,14662,6099,0.416,8563,0.584,3693,0.252,7338,0.5,3143,0.214,12373,6839,0.553,6839,0.553,5581,0.451,1258,0.102,5534,0.447,0.184,5417,366,0.068,5051,0.932,2736,0.505,759,0.14,750,0.138,702,0.13,104,0.019,3612,2424,0.671,5581,1286,0.23,1805,0.323,1333,0.239,302,0.054,855,0.153,4832,817,0.169,575,0.119,890,0.184,2282,0.472,1489,0.308,3771,0.78,479,0.099,321,0.066,261,0.054,221,0.046,20,0.004,20,0.004,38695,3210,428,0.133,354,0.11,725,0.226,1507,0.469,914,0.285,2421,0.754,304,0.095,253,0.079,232,0.072,192,0.06,20,0.006,20,0.006,13628,5403,0.396,9414,0.691,4214,0.309,1208,644,0.533,3813,1995,0.523,1102,264,0.24,3210,1152,0.359,4832,1624,0.336,2073,0.429,1135,0.235,4365,0.903,467,0.097,995,29,0.029,202,0.203,175,0.176,267,0.268,322,0.324,149,0.15,72,0.072,101,0.102,995,588,0.591,227,0.228,3837,2529,0.659,1659,0.432,4832,3117,0.645,1886,0.39
Behind The Rocks,Hartford,8155,3628,0.445,4527,0.555,585,0.072,1757,0.215,891,0.109,1188,0.146,1076,0.132,1073,0.132,818,0.1,767,0.094,8155,5525,0.677,825,0.101,1431,0.175,35,0.004,339,0.042,2802,1964,0.701,1964,668,0.34,305,0.155,991,0.505,264,0.134,150,0.076,491,0.25,3148,346,0.11,2802,0.89,915,0.327,1887,0.673,595,92,0.155,4922,1422,0.289,3500,0.711,579,0.118,8155,1105,0.135,59,0.007,410,0.05,695,0.085,7570,3277,0.433,4293,0.567,1603,0.212,3819,0.504,1452,0.192,6158,3743,0.608,3743,0.608,3119,0.506,624,0.101,2415,0.392,0.167,3096,45,0.015,3051,0.985,2082,0.672,442,0.143,333,0.108,139,0.045,55,0.018,2164,1326,0.613,3119,634,0.203,1012,0.324,787,0.252,296,0.095,390,0.125,2802,421,0.15,262,0.094,418,0.149,1101,0.393,772,0.276,1873,0.668,406,0.145,301,0.107,222,0.079,157,0.056,65,0.023,0,0,42573,1964,249,0.127,171,0.087,326,0.166,746,0.38,489,0.249,1235,0.629,255,0.13,287,0.146,187,0.095,156,0.079,31,0.016,0,0,8028,2827,0.352,4769,0.594,3259,0.406,720,435,0.604,2334,1232,0.528,680,144,0.212,1964,581,0.296,2802,726,0.259,1265,0.451,811,0.289,2636,0.941,166,0.059,915,62,0.068,121,0.132,312,0.341,208,0.227,212,0.232,123,0.134,26,0.028,63,0.069,915,399,0.436,190,0.208,1887,1110,0.588,767,0.406,2802,1509,0.539,957,0.342
Blue Hills,Hartford,11640,4790,0.412,6850,0.588,533,0.046,1755,0.151,3540,0.304,1203,0.103,949,0.082,1245,0.107,976,0.084,1439,0.124,11640,825,0.071,2124,0.182,8257,0.709,107,0.009,327,0.028,3081,2194,0.712,2194,810,0.369,197,0.09,1187,0.541,225,0.103,67,0.031,598,0.273,3887,806,0.207,3081,0.793,1731,0.562,1350,0.438,1864,28,0.015,5812,838,0.144,4974,0.856,1038,0.179,11640,2954,0.254,372,0.032,1820,0.156,1134,0.097,11107,9751,0.878,1356,0.122,356,0.032,556,0.05,154,0.014,9579,5517,0.576,5517,0.576,4686,0.489,831,0.087,4062,0.424,0.151,4590,339,0.074,4251,0.926,2855,0.622,486,0.106,683,0.149,171,0.037,56,0.012,2054,1816,0.884,4686,1283,0.274,1356,0.289,1171,0.25,299,0.064,577,0.123,3081,194,0.063,143,0.046,382,0.124,719,0.233,867,0.281,1586,0.515,630,0.204,356,0.116,509,0.165,341,0.111,103,0.033,65,0.021,64630,2194,138,0.063,80,0.036,168,0.077,386,0.176,607,0.277,993,0.453,440,0.201,284,0.129,477,0.217,325,0.148,101,0.046,51,0.023,8818,1395,0.158,3366,0.382,5452,0.618,622,170,0.273,2209,558,0.253,1439,179,0.124,2194,283,0.129,3081,487,0.158,1606,0.521,988,0.321,2955,0.959,126,0.041,1731,65,0.038,216,0.125,642,0.371,462,0.267,346,0.2,180,0.104,83,0.048,83,0.048,1731,628,0.363,229,0.132,1350,709,0.525,391,0.29,3081,1337,0.434,620,0.201
Clay Arsenal,Hartford,7159,3384,0.473,3775,0.527,772,0.108,1779,0.248,761,0.106,1308,0.183,771,0.108,671,0.094,567,0.079,530,0.074,7159,4253,0.594,139,0.019,2618,0.366,44,0.006,105,0.015,2360,1727,0.732,1727,302,0.175,184,0.107,1241,0.719,144,0.083,65,0.038,842,0.488,2703,343,0.127,2360,0.873,251,0.106,2109,0.894,397,37,0.093,3847,1424,0.37,2423,0.63,159,0.041,7159,688,0.096,80,0.011,244,0.034,444,0.062,6387,2953,0.462,3434,0.538,1283,0.201,3211,0.503,1213,0.19,4819,2823,0.586,2823,0.586,2051,0.426,772,0.16,1996,0.414,0.273,1947,57,0.029,1890,0.971,1016,0.522,301,0.155,423,0.217,106,0.054,44,0.023,2370,1834,0.774,2051,261,0.127,692,0.337,553,0.27,147,0.072,398,0.194,2360,597,0.253,213,0.09,544,0.231,1354,0.574,619,0.262,1973,0.836,176,0.075,81,0.034,130,0.055,107,0.045,23,0.01,0,0,30847,1727,383,0.222,201,0.116,317,0.184,901,0.522,504,0.292,1405,0.814,138,0.08,98,0.057,86,0.05,63,0.036,23,0.013,0,0,7135,3114,0.436,5516,0.773,1619,0.227,958,551,0.575,2527,1296,0.513,530,174,0.328,1727,744,0.431,2360,1175,0.498,782,0.331,403,0.171,2196,0.931,164,0.069,251,25,0.1,48,0.191,63,0.251,38,0.151,77,0.307,43,0.171,7,0.028,27,0.108,251,119,0.474,31,0.124,2109,1133,0.537,631,0.299,2360,1252,0.531,662,0.281
Downtown,Hartford,1986,1148,0.578,838,0.422,26,0.013,20,0.01,170,0.086,793,0.399,294,0.148,280,0.141,200,0.101,203,0.102,1986,252,0.127,1131,0.569,275,0.138,318,0.16,10,0.005,1429,306,0.214,306,270,0.882,9,0.029,27,0.088,17,0.056,9,0.029,0,0,1589,160,0.101,1429,0.899,203,0.142,1226,0.858,23,0,0,1770,71,0.04,1699,0.96,1301,0.735,1986,478,0.241,272,0.137,56,0.028,422,0.212,1960,1420,0.724,540,0.276,217,0.111,162,0.083,102,0.052,1940,1506,0.776,1506,0.776,1423,0.734,83,0.043,434,0.224,0.055,1394,34,0.024,1360,0.976,806,0.578,0,0,70,0.05,473,0.339,11,0.008,36,27,0.75,1423,1060,0.745,105,0.074,186,0.131,43,0.03,29,0.02,1429,152,0.106,41,0.029,39,0.027,232,0.162,205,0.143,437,0.306,257,0.18,239,0.167,496,0.347,338,0.237,85,0.059,73,0.051,91347,306,27,0.088,10,0.033,0,0,37,0.121,0,0,37,0.121,17,0.056,74,0.242,178,0.582,114,0.373,19,0.062,45,0.147,1976,274,0.139,361,0.183,1615,0.817,26,0,0,36,0,0,203,1,0.005,306,37,0.121,1429,292,0.204,831,0.582,306,0.214,1396,0.977,33,0.023,203,0,0,17,0.084,51,0.251,53,0.261,82,0.404,18,0.089,29,0.143,35,0.172,203,27,0.133,0,0,1226,485,0.396,218,0.178,1429,512,0.358,218,0.153
Frog Hollow,Hartford,8871,4255,0.48,4616,0.52,747,0.084,1941,0.219,1105,0.125,1544,0.174,1129,0.127,1063,0.12,634,0.071,708,0.08,8871,6304,0.711,683,0.077,1620,0.183,119,0.013,145,0.016,3327,1889,0.568,1889,558,0.295,277,0.147,1054,0.558,309,0.164,165,0.087,706,0.374,3982,655,0.164,3327,0.836,252,0.076,3075,0.924,630,122,0.194,5078,2264,0.446,2814,0.554,590,0.116,8871,1310,0.148,360,0.041,356,0.04,954,0.108,8124,2549,0.314,5575,0.686,2654,0.327,5165,0.636,2566,0.316,6519,3862,0.592,3862,0.592,3189,0.489,673,0.103,2657,0.408,0.174,3069,76,0.025,2993,0.975,1713,0.558,608,0.198,422,0.138,131,0.043,119,0.039,2533,1718,0.678,3189,715,0.224,829,0.26,613,0.192,526,0.165,506,0.159,3327,714,0.215,434,0.13,643,0.193,1791,0.538,744,0.224,2535,0.762,434,0.13,145,0.044,213,0.064,116,0.035,56,0.017,41,0.012,36688,1889,315,0.167,218,0.115,450,0.238,983,0.52,509,0.269,1492,0.79,223,0.118,71,0.038,103,0.055,58,0.031,40,0.021,5,0.003,8779,4065,0.463,5994,0.683,2785,0.317,936,500,0.534,2649,1469,0.555,708,311,0.439,1889,842,0.446,3327,1425,0.428,1331,0.4,571,0.172,3128,0.94,199,0.06,252,13,0.052,25,0.099,75,0.298,53,0.21,86,0.341,39,0.155,32,0.127,15,0.06,252,81,0.321,74,0.294,3075,1720,0.559,972,0.316,3327,1801,0.541,1046,0.314
North Meadows,Hartford,1105,1090,0.986,15,0.014,0,0,13,0.012,222,0.201,404,0.366,235,0.213,180,0.163,51,0.046,0,0,1105,373,0.338,368,0.333,336,0.304,0,0,28,0.025,15,15,1,15,0,0,0,0,15,1,0,0,0,0,15,1,15,0,0,15,1,0,0,15,1,23,10,0.435,870,365,0.42,505,0.58,0,0,1105,47,0.043,0,0,0,0,47,0.043,1105,740,0.67,365,0.33,56,0.051,338,0.306,48,0.043,1105,15,0.014,15,0.014,15,0.014,0,0,1090,0.986,0,15,0,0,15,1,15,1,0,0,0,0,0,0,0,0,13,13,1,15,15,1,0,0,0,0,0,0,0,0,15,0,0,0,0,0,0,0,0,15,1,15,1,0,0,0,0,0,0,0,0,0,0,0,0,NA,15,0,0,0,0,0,0,0,0,15,1,15,1,0,0,0,0,0,0,0,0,0,0,0,0,48,0,0,0,0,48,1,0,0,NaN,13,0,0,0,0,NaN,15,0,0,15,0,0,15,1,0,0,15,1,0,0,0,0,NaN,0,NaN,0,NaN,0,NaN,0,NaN,0,NaN,0,NaN,0,NaN,0,0,NaN,0,NaN,15,0,0,0,0,15,0,0,0,0
Northeast,Hartford,11076,5122,0.462,5954,0.538,878,0.079,2615,0.236,1435,0.13,1420,0.128,1342,0.121,1251,0.113,1090,0.098,1045,0.094,11076,2707,0.244,281,0.025,7991,0.721,0,0,97,0.009,3905,2623,0.672,2623,594,0.226,196,0.075,1833,0.699,283,0.108,83,0.032,1141,0.435,4803,898,0.187,3905,0.813,925,0.237,2980,0.763,771,106,0.137,6148,1645,0.268,4503,0.732,388,0.063,11076,1587,0.143,266,0.024,756,0.068,831,0.075,10198,8119,0.796,2079,0.204,597,0.059,1670,0.164,570,0.056,7911,5299,0.67,5299,0.67,3714,0.469,1585,0.2,2612,0.33,0.299,3593,75,0.021,3518,0.979,2062,0.574,420,0.117,887,0.247,78,0.022,71,0.02,3348,2884,0.861,3714,654,0.176,1199,0.323,962,0.259,155,0.042,744,0.2,3905,763,0.195,365,0.093,611,0.156,1739,0.445,1149,0.294,2888,0.74,523,0.134,260,0.067,234,0.06,199,0.051,35,0.009,0,0,37004,2623,455,0.173,174,0.066,353,0.135,982,0.374,889,0.339,1871,0.713,408,0.156,196,0.075,148,0.056,148,0.056,0,0,0,0,11076,3937,0.355,6970,0.629,4106,0.371,1175,687,0.585,3493,1694,0.485,1045,239,0.229,2623,882,0.336,3905,1331,0.341,1720,0.44,854,0.219,3731,0.955,174,0.045,925,99,0.107,144,0.156,228,0.246,219,0.237,235,0.254,81,0.088,74,0.08,80,0.086,925,346,0.374,185,0.2,2980,1769,0.594,1059,0.355,3905,2115,0.542,1244,0.319
Parkville,Hartford,4613,2441,0.529,2172,0.471,397,0.086,925,0.201,590,0.128,711,0.154,647,0.14,492,0.107,315,0.068,536,0.116,4613,2705,0.586,684,0.148,1008,0.219,120,0.026,96,0.021,1652,1106,0.669,1106,401,0.363,192,0.174,513,0.464,241,0.218,106,0.096,209,0.189,1933,281,0.145,1652,0.855,250,0.151,1402,0.849,182,17,0.093,2701,996,0.369,1705,0.631,198,0.073,4613,1341,0.291,323,0.07,384,0.083,957,0.207,4216,1440,0.342,2776,0.658,1524,0.361,2046,0.485,1038,0.246,3346,1939,0.579,1939,0.579,1584,0.473,355,0.106,1407,0.421,0.183,1564,25,0.016,1539,0.984,828,0.529,215,0.137,300,0.192,148,0.095,48,0.031,1101,771,0.7,1584,172,0.109,430,0.271,401,0.253,268,0.169,313,0.198,1652,395,0.239,219,0.133,307,0.186,921,0.558,431,0.261,1352,0.818,154,0.093,97,0.059,49,0.03,13,0.008,28,0.017,8,0.005,31536,1106,234,0.212,93,0.084,231,0.209,558,0.505,325,0.294,883,0.798,119,0.108,62,0.056,42,0.038,11,0.01,23,0.021,8,0.007,4545,1956,0.43,3551,0.781,994,0.219,515,307,0.596,1311,656,0.5,483,159,0.329,1106,442,0.4,1652,635,0.384,656,0.397,361,0.219,1495,0.905,157,0.095,250,28,0.112,0,0,98,0.392,54,0.216,70,0.28,56,0.224,9,0.036,5,0.02,250,141,0.564,25,0.1,1402,950,0.678,686,0.489,1652,1091,0.66,711,0.43
Sheldon Charter Oak,Hartford,3252,1650,0.507,1602,0.493,244,0.075,479,0.147,310,0.095,708,0.218,416,0.128,388,0.119,242,0.074,465,0.143,3252,1590,0.489,386,0.119,731,0.225,460,0.141,85,0.026,1422,641,0.451,641,214,0.334,54,0.084,373,0.582,101,0.158,24,0.037,239,0.373,1558,136,0.087,1422,0.913,65,0.046,1357,0.954,110,23,0.209,2219,679,0.306,1540,0.694,578,0.26,3252,822,0.253,404,0.124,211,0.065,611,0.188,3008,1289,0.429,1719,0.571,784,0.261,1230,0.409,571,0.19,2566,1499,0.584,1499,0.584,1203,0.469,296,0.115,1067,0.416,0.197,1195,20,0.017,1175,0.983,569,0.476,178,0.149,180,0.151,220,0.184,28,0.023,673,552,0.82,1203,480,0.399,215,0.179,288,0.239,80,0.067,140,0.116,1422,291,0.205,185,0.13,153,0.108,629,0.442,325,0.229,954,0.671,230,0.162,98,0.069,140,0.098,108,0.076,25,0.018,7,0.005,42992,641,121,0.189,71,0.111,53,0.083,245,0.382,183,0.285,428,0.668,140,0.218,46,0.072,27,0.042,22,0.034,5,0.008,0,0,3208,1165,0.363,2046,0.638,1162,0.362,312,119,0.381,682,225,0.33,465,222,0.477,641,203,0.317,1422,586,0.412,676,0.475,160,0.113,1361,0.957,61,0.043,65,0,0,5,0.077,12,0.185,19,0.292,29,0.446,14,0.215,0,0,15,0.231,65,35,0.538,29,0.446,1357,538,0.396,298,0.22,1422,573,0.403,327,0.23
South End South Meadows,Hartford,14420,7119,0.494,7301,0.506,1113,0.077,2704,0.188,1854,0.129,2184,0.151,2064,0.143,1830,0.127,1473,0.102,1198,0.083,14420,8279,0.574,3232,0.224,2077,0.144,184,0.013,648,0.045,4850,3337,0.688,3337,1506,0.451,454,0.136,1377,0.413,594,0.178,265,0.079,779,0.233,5352,502,0.094,4850,0.906,1594,0.329,3256,0.671,1126,145,0.129,8749,2588,0.296,6161,0.704,1200,0.137,14420,4024,0.279,666,0.046,1275,0.088,2749,0.191,13307,4999,0.376,8308,0.624,4234,0.318,6608,0.497,3287,0.247,11072,7240,0.654,7240,0.654,6339,0.573,901,0.081,3832,0.346,0.124,6235,106,0.017,6129,0.983,3662,0.587,1163,0.187,826,0.132,252,0.04,226,0.036,3725,2961,0.795,6339,1376,0.217,1897,0.299,1332,0.21,588,0.093,1146,0.181,4850,479,0.099,530,0.109,703,0.145,1712,0.353,1176,0.242,2888,0.595,884,0.182,544,0.112,534,0.11,327,0.067,147,0.03,60,0.012,50738,3337,234,0.07,352,0.105,514,0.154,1100,0.33,779,0.233,1879,0.563,597,0.179,414,0.124,447,0.134,250,0.075,147,0.044,50,0.015,14324,3405,0.238,7178,0.501,7146,0.499,1192,401,0.336,3817,1146,0.3,1114,205,0.184,3337,757,0.227,4850,1281,0.264,1930,0.398,1639,0.338,4559,0.94,291,0.06,1594,27,0.017,137,0.086,317,0.199,575,0.361,538,0.338,325,0.204,150,0.094,63,0.04,1594,504,0.316,180,0.113,3256,1821,0.559,1135,0.349,4850,2325,0.479,1315,0.271
South Green,Hartford,2231,962,0.431,1269,0.569,210,0.094,262,0.117,336,0.151,380,0.17,231,0.104,221,0.099,275,0.123,316,0.142,2231,1468,0.658,243,0.109,475,0.213,7,0.003,38,0.017,980,478,0.488,478,126,0.264,74,0.155,278,0.582,57,0.119,41,0.086,79,0.165,1135,155,0.137,980,0.863,64,0.065,916,0.935,72,11,0.153,1423,378,0.266,1045,0.734,220,0.155,2231,186,0.083,0,0,102,0.046,84,0.038,2021,854,0.423,1167,0.577,361,0.179,1095,0.542,351,0.174,1776,1035,0.583,1035,0.583,783,0.441,252,0.142,741,0.417,0.243,766,11,0.014,755,0.986,264,0.345,123,0.161,310,0.405,58,0.076,0,0,432,268,0.62,783,186,0.238,134,0.171,215,0.275,44,0.056,204,0.261,980,198,0.202,104,0.106,267,0.272,569,0.581,226,0.231,795,0.811,155,0.158,17,0.017,13,0.013,13,0.013,0,0,0,0,28118,478,78,0.163,61,0.128,114,0.238,253,0.529,80,0.167,333,0.697,122,0.255,17,0.036,6,0.013,6,0.013,0,0,0,0,2145,930,0.434,1548,0.722,597,0.278,220,160,0.727,461,244,0.529,287,129,0.449,478,199,0.416,980,464,0.473,434,0.443,82,0.084,962,0.982,18,0.018,64,0,0,32,0.5,32,0.5,0,0,0,0,0,0,0,0,0,0,64,44,0.688,23,0.359,916,639,0.698,405,0.442,980,683,0.697,428,0.437
Southwest,Hartford,7508,3369,0.449,4139,0.551,425,0.057,1264,0.168,795,0.106,1017,0.135,812,0.108,943,0.126,1231,0.164,1021,0.136,7508,4826,0.643,1109,0.148,1086,0.145,262,0.035,225,0.03,2704,1855,0.686,1855,1063,0.573,112,0.06,680,0.367,406,0.219,46,0.025,310,0.167,2973,269,0.09,2704,0.91,1734,0.641,970,0.359,345,76,0.22,5024,1128,0.225,3896,0.775,601,0.12,7508,1324,0.176,87,0.012,870,0.116,454,0.06,7083,3028,0.428,4055,0.572,1318,0.186,3598,0.508,1148,0.162,5996,3959,0.66,3959,0.66,3415,0.57,544,0.091,2037,0.34,0.137,3393,100,0.029,3293,0.971,2302,0.678,437,0.129,430,0.127,82,0.024,42,0.012,1547,1325,0.856,3415,786,0.23,769,0.225,1222,0.358,76,0.022,562,0.165,2704,209,0.077,65,0.024,361,0.134,635,0.235,734,0.271,1369,0.506,547,0.202,274,0.101,514,0.19,392,0.145,27,0.01,95,0.035,63843,1855,142,0.077,43,0.023,102,0.055,287,0.155,532,0.287,819,0.442,415,0.224,219,0.118,402,0.217,287,0.155,27,0.015,88,0.047,7356,1110,0.151,2749,0.374,4607,0.626,482,68,0.141,1660,415,0.25,906,125,0.138,1855,258,0.139,2704,389,0.144,1207,0.446,1108,0.41,2675,0.989,29,0.011,1734,23,0.013,154,0.089,513,0.296,618,0.356,426,0.246,246,0.142,83,0.048,97,0.056,1734,704,0.406,316,0.182,970,601,0.62,463,0.477,2704,1305,0.483,779,0.288
Upper Albany,Hartford,7012,3378,0.482,3634,0.518,547,0.078,1766,0.252,645,0.092,1011,0.144,801,0.114,915,0.13,589,0.084,738,0.105,7012,1288,0.184,92,0.013,5373,0.766,19,0.003,240,0.034,2487,1469,0.591,1469,423,0.288,188,0.128,858,0.584,217,0.148,55,0.037,583,0.397,3110,623,0.2,2487,0.8,393,0.158,2094,0.842,491,42,0.086,4054,1241,0.306,2813,0.694,263,0.065,7012,1874,0.267,330,0.047,739,0.105,1135,0.162,6465,5273,0.816,1192,0.184,418,0.065,875,0.135,336,0.052,4984,3203,0.643,3203,0.643,2351,0.472,852,0.171,1781,0.357,0.266,2287,108,0.047,2179,0.953,1387,0.606,338,0.148,430,0.188,7,0.003,17,0.007,2226,1465,0.658,2351,420,0.179,854,0.363,618,0.263,166,0.071,293,0.125,2487,615,0.247,249,0.1,334,0.134,1198,0.482,636,0.256,1834,0.737,326,0.131,152,0.061,175,0.07,113,0.045,35,0.014,27,0.011,37751,1469,299,0.204,73,0.05,181,0.123,553,0.376,395,0.269,948,0.645,243,0.165,142,0.097,136,0.093,87,0.059,25,0.017,24,0.016,6998,2557,0.365,4500,0.643,2498,0.357,660,266,0.403,2299,1156,0.503,738,261,0.354,1469,473,0.322,2487,1054,0.424,930,0.374,503,0.202,2355,0.947,132,0.053,393,31,0.079,105,0.267,51,0.13,105,0.267,101,0.257,63,0.16,26,0.066,12,0.031,393,205,0.522,168,0.427,2094,1135,0.542,749,0.358,2487,1340,0.539,917,0.369
West End,Hartford,9931,5022,0.506,4909,0.494,468,0.047,852,0.086,1599,0.161,1752,0.176,1167,0.118,1401,0.141,1407,0.142,1285,0.129,9931,2487,0.25,3974,0.4,2809,0.283,300,0.03,361,0.036,4846,1792,0.37,1792,1110,0.619,220,0.123,462,0.258,398,0.222,11,0.006,210,0.117,5349,503,0.094,4846,0.906,874,0.18,3972,0.82,417,59,0.141,7012,1462,0.208,5550,0.792,2235,0.319,9931,2707,0.273,537,0.054,1132,0.114,1575,0.159,9463,6125,0.647,3338,0.353,1862,0.197,2033,0.215,1074,0.113,8805,5710,0.648,5710,0.648,5034,0.572,676,0.077,3095,0.352,0.118,4984,203,0.041,4781,0.959,3404,0.683,641,0.129,433,0.087,283,0.057,20,0.004,1279,926,0.724,5034,1959,0.389,1277,0.254,989,0.196,176,0.035,633,0.126,4846,1234,0.255,368,0.076,498,0.103,2100,0.433,1129,0.233,3229,0.666,669,0.138,358,0.074,590,0.122,153,0.032,179,0.037,258,0.053,57908,1792,222,0.124,96,0.054,127,0.071,445,0.248,333,0.186,778,0.434,433,0.242,140,0.078,441,0.246,108,0.06,136,0.076,197,0.11,9685,2850,0.294,4590,0.474,5095,0.526,561,162,0.289,1315,307,0.233,1151,407,0.354,1792,379,0.211,4846,1584,0.327,1812,0.374,1450,0.299,4692,0.968,154,0.032,874,7,0.008,14,0.016,11,0.013,95,0.109,747,0.855,85,0.097,139,0.159,523,0.598,874,205,0.235,125,0.143,3972,2077,0.523,1002,0.252,4846,2282,0.471,1127,0.233
Bishops Corner West,West Hartford,7952,3927,0.494,4025,0.506,300,0.038,1639,0.206,449,0.056,640,0.08,1075,0.135,1111,0.14,1090,0.137,1648,0.207,7952,605,0.076,6315,0.794,283,0.036,649,0.082,100,0.013,3024,2129,0.704,2129,1759,0.826,118,0.055,252,0.118,812,0.381,97,0.046,106,0.05,3151,127,0.04,3024,0.96,2419,0.8,605,0.2,318,0,0,5564,316,0.057,5248,0.943,3987,0.717,7952,1242,0.156,79,0.01,923,0.116,319,0.04,7652,6e3,0.784,1652,0.216,470,0.061,237,0.031,66,0.009,6246,4140,0.663,4140,0.663,4007,0.642,133,0.021,2106,0.337,0.032,3875,277,0.071,3598,0.929,3082,0.795,282,0.073,109,0.028,102,0.026,23,0.006,1906,1455,0.763,4007,2630,0.656,382,0.095,747,0.186,126,0.031,122,0.03,3024,168,0.056,145,0.048,212,0.07,525,0.174,185,0.061,710,0.235,308,0.102,403,0.133,1603,0.53,525,0.174,331,0.109,747,0.247,153281,2129,93,0.044,13,0.006,66,0.031,172,0.081,76,0.036,248,0.116,192,0.09,254,0.119,1435,0.674,424,0.199,292,0.137,719,0.338,7876,758,0.096,1284,0.163,6592,0.837,422,66,0.156,1925,257,0.134,1626,194,0.119,2129,150,0.07,3024,313,0.104,729,0.241,1982,0.655,2995,0.99,29,0.01,2419,83,0.034,0,0,20,0.008,48,0.02,2268,0.938,92,0.038,445,0.184,1731,0.716,2419,582,0.241,236,0.098,605,311,0.514,162,0.268,3024,893,0.295,398,0.132
Buena Vista,West Hartford,2630,1150,0.437,1480,0.563,128,0.049,414,0.157,100,0.038,204,0.078,257,0.098,366,0.139,525,0.2,636,0.242,2630,29,0.011,2089,0.794,125,0.048,298,0.113,89,0.034,1132,772,0.682,772,697,0.903,22,0.028,53,0.069,229,0.297,22,0.028,28,0.036,1161,29,0.025,1132,0.975,1058,0.935,74,0.065,87,0,0,1988,49,0.025,1939,0.975,1382,0.695,2630,542,0.206,47,0.018,399,0.152,143,0.054,2502,2120,0.847,382,0.153,154,0.062,28,0.011,18,0.007,2146,1368,0.637,1368,0.637,1272,0.593,96,0.045,778,0.363,0.07,1239,118,0.095,1121,0.905,999,0.806,84,0.068,28,0.023,10,0.008,0,0,542,454,0.838,1272,855,0.672,63,0.05,278,0.219,38,0.03,38,0.03,1132,25,0.022,45,0.04,51,0.045,121,0.107,149,0.132,270,0.239,99,0.087,104,0.092,659,0.582,209,0.185,159,0.14,291,0.257,157220,772,17,0.022,0,0,0,0,17,0.022,70,0.091,87,0.113,80,0.104,70,0.091,535,0.693,156,0.202,142,0.184,237,0.307,2630,102,0.039,329,0.125,2301,0.875,147,0,0,542,0,0,636,41,0.064,772,17,0.022,1132,17,0.015,331,0.292,784,0.693,1132,1,0,0,1058,58,0.055,0,0,17,0.016,22,0.021,961,0.908,83,0.078,174,0.164,704,0.665,1058,295,0.279,122,0.115,74,20,0.27,10,0.135,1132,315,0.278,132,0.117
Corbins Corner,West Hartford,4367,2206,0.505,2161,0.495,257,0.059,656,0.15,276,0.063,588,0.135,541,0.124,548,0.125,658,0.151,843,0.193,4367,576,0.132,3033,0.695,57,0.013,521,0.119,180,0.041,1712,1113,0.65,1113,892,0.801,81,0.073,140,0.126,350,0.314,19,0.017,97,0.087,1849,137,0.074,1712,0.926,1435,0.838,277,0.162,202,0,0,3178,465,0.146,2713,0.854,1287,0.405,4367,1108,0.254,99,0.023,665,0.152,443,0.101,4110,2728,0.664,1382,0.336,595,0.145,315,0.077,91,0.022,3576,2451,0.685,2451,0.685,2327,0.651,124,0.035,1125,0.315,0.051,2232,48,0.022,2184,0.978,1929,0.864,157,0.07,62,0.028,17,0.008,19,0.009,854,644,0.754,2327,1044,0.449,436,0.187,407,0.175,238,0.102,202,0.087,1712,44,0.026,24,0.014,94,0.055,162,0.095,311,0.182,473,0.276,308,0.18,343,0.2,588,0.343,243,0.142,170,0.099,175,0.102,104865,1113,10,0.009,7,0.006,20,0.018,37,0.033,119,0.107,156,0.14,201,0.181,230,0.207,526,0.473,213,0.191,163,0.146,150,0.135,4313,111,0.026,546,0.127,3767,0.873,270,10,0.037,859,29,0.034,843,48,0.057,1113,17,0.015,1712,99,0.058,577,0.337,1036,0.605,1680,0.981,32,0.019,1435,15,0.01,0,0,15,0.01,204,0.142,1201,0.837,692,0.482,333,0.232,176,0.123,1435,444,0.309,193,0.134,277,127,0.458,71,0.256,1712,571,0.334,264,0.154
Elizabeth Park,West Hartford,4462,2149,0.482,2313,0.518,274,0.061,892,0.2,253,0.057,410,0.092,487,0.109,746,0.167,640,0.143,760,0.17,4462,113,0.025,4165,0.933,9,0.002,139,0.031,36,0.008,1542,1356,0.879,1356,1233,0.909,24,0.018,99,0.073,616,0.454,0,0,42,0.031,1560,18,0.012,1542,0.988,1488,0.965,54,0.035,261,35,0.134,3043,64,0.021,2979,0.979,2441,0.802,4462,358,0.08,21,0.005,259,0.058,99,0.022,4188,3797,0.907,391,0.093,132,0.032,51,0.012,0,0,3474,2556,0.736,2556,0.736,2411,0.694,145,0.042,918,0.264,0.057,2284,171,0.075,2113,0.925,1828,0.8,193,0.085,37,0.016,55,0.024,0,0,1166,943,0.809,2411,1886,0.782,169,0.07,275,0.114,36,0.015,45,0.019,1542,8,0.005,32,0.021,40,0.026,80,0.052,95,0.062,175,0.113,131,0.085,130,0.084,1106,0.717,346,0.224,234,0.152,526,0.341,178567,1356,0,0,10,0.007,33,0.024,43,0.032,80,0.059,123,0.091,115,0.085,130,0.096,988,0.729,303,0.223,198,0.146,487,0.359,4462,114,0.026,298,0.067,4164,0.933,327,0,0,1166,28,0.024,760,44,0.058,1356,20,0.015,1542,44,0.029,241,0.156,1257,0.815,1542,1,0,0,1488,9,0.006,0,0,6,0.004,28,0.019,1445,0.971,103,0.069,177,0.119,1165,0.783,1488,275,0.185,119,0.08,54,10,0.185,10,0.185,1542,285,0.185,129,0.084
Farmington East,West Hartford,10603,4664,0.44,5939,0.56,510,0.048,1588,0.15,618,0.058,2225,0.21,1415,0.133,1078,0.102,1210,0.114,1959,0.185,10603,1148,0.108,7706,0.727,876,0.083,654,0.062,219,0.021,4712,2017,0.428,2017,1454,0.721,195,0.097,368,0.182,668,0.331,28,0.014,234,0.116,5125,413,0.081,4712,0.919,1986,0.421,2726,0.579,333,8,0.024,7887,546,0.069,7341,0.931,4829,0.612,10603,2005,0.189,406,0.038,1264,0.119,741,0.07,10093,7710,0.764,2383,0.236,1195,0.118,1007,0.1,560,0.055,8765,6137,0.7,6137,0.7,5858,0.668,279,0.032,2628,0.3,0.045,5791,88,0.015,5703,0.985,4864,0.84,388,0.067,203,0.035,169,0.029,79,0.014,1986,1219,0.614,5858,3659,0.625,809,0.138,1066,0.182,79,0.013,245,0.042,4712,419,0.089,225,0.048,286,0.061,930,0.197,593,0.126,1523,0.323,891,0.189,777,0.165,1521,0.323,673,0.143,523,0.111,325,0.069,99360,2017,76,0.038,40,0.02,115,0.057,231,0.115,238,0.118,469,0.233,337,0.167,343,0.17,868,0.43,219,0.109,394,0.195,255,0.126,10279,1449,0.141,2360,0.23,7919,0.77,651,39,0.06,2040,440,0.216,1724,200,0.116,2017,208,0.103,4712,768,0.163,1775,0.377,2169,0.46,4676,0.992,36,0.008,1986,38,0.019,22,0.011,110,0.055,298,0.15,1518,0.764,299,0.151,341,0.172,878,0.442,1986,555,0.279,341,0.172,2726,931,0.342,538,0.197,4712,1486,0.315,879,0.187
Golf Acres,West Hartford,7345,3053,0.416,4292,0.584,386,0.053,1144,0.156,955,0.13,541,0.074,620,0.084,943,0.128,998,0.136,1758,0.239,7345,540,0.074,5764,0.785,462,0.063,504,0.069,75,0.01,2345,1640,0.699,1640,1490,0.909,12,0.007,138,0.084,662,0.404,0,0,90,0.055,2487,142,0.057,2345,0.943,1930,0.823,415,0.177,785,9,0.011,4860,182,0.037,4678,0.963,3214,0.661,7345,1067,0.145,99,0.013,850,0.116,217,0.03,6959,5465,0.785,1494,0.215,378,0.054,337,0.048,32,0.005,6017,3247,0.54,3242,0.539,3162,0.526,80,0.013,2770,0.46,0.025,3153,185,0.059,2968,0.941,2672,0.847,147,0.047,19,0.006,72,0.023,58,0.018,1498,975,0.651,3162,2049,0.648,258,0.082,661,0.209,91,0.029,103,0.033,2345,81,0.035,49,0.021,73,0.031,203,0.087,260,0.111,463,0.197,297,0.127,257,0.11,1328,0.566,465,0.198,277,0.118,586,0.25,156845,1640,11,0.007,14,0.009,23,0.014,48,0.029,84,0.051,132,0.08,170,0.104,151,0.092,1187,0.724,398,0.243,224,0.137,565,0.345,6080,206,0.034,577,0.095,5503,0.905,455,0,0,1507,53,0.035,1277,72,0.056,1640,25,0.015,2345,227,0.097,606,0.258,1512,0.645,2345,1,0,0,1930,46,0.024,5,0.003,20,0.01,33,0.017,1826,0.946,275,0.142,551,0.285,1e3,0.518,1930,414,0.215,211,0.109,415,303,0.73,169,0.407,2345,717,0.306,380,0.162
Kennedy Park,West Hartford,3971,2e3,0.504,1971,0.496,172,0.043,707,0.178,488,0.123,721,0.182,498,0.125,717,0.181,298,0.075,370,0.093,3971,747,0.188,2032,0.512,679,0.171,393,0.099,120,0.03,1596,918,0.575,918,596,0.649,75,0.082,247,0.269,327,0.356,19,0.021,172,0.187,1753,157,0.09,1596,0.91,772,0.484,824,0.516,298,0,0,2604,145,0.056,2459,0.944,1298,0.498,3971,1038,0.261,210,0.053,372,0.094,666,0.168,3799,2350,0.619,1449,0.381,425,0.112,634,0.167,136,0.036,3189,2633,0.826,2633,0.826,2275,0.713,358,0.112,556,0.174,0.136,2196,53,0.024,2143,0.976,1745,0.795,227,0.103,83,0.038,57,0.026,31,0.014,856,782,0.914,2275,1091,0.48,282,0.124,714,0.314,119,0.052,69,0.03,1596,30,0.019,44,0.028,121,0.076,195,0.122,406,0.254,601,0.377,315,0.197,301,0.189,379,0.237,245,0.154,42,0.026,92,0.058,78857,918,19,0.021,10,0.011,85,0.093,114,0.124,218,0.237,332,0.362,185,0.202,159,0.173,242,0.264,180,0.196,16,0.017,46,0.05,3960,210,0.053,1418,0.358,2542,0.642,192,0,0,868,48,0.055,370,38,0.103,918,58,0.063,1596,99,0.062,684,0.429,813,0.509,1480,0.927,116,0.073,772,26,0.034,39,0.051,57,0.074,117,0.152,533,0.69,310,0.402,124,0.161,99,0.128,772,220,0.285,123,0.159,824,396,0.481,126,0.153,1596,616,0.386,249,0.156
Mountain West,West Hartford,4453,2264,0.508,2189,0.492,191,0.043,1016,0.228,336,0.075,260,0.058,522,0.117,804,0.181,547,0.123,777,0.174,4453,79,0.018,3817,0.857,199,0.045,261,0.059,97,0.022,1580,1301,0.823,1301,1206,0.927,37,0.028,58,0.045,611,0.47,31,0.024,10,0.008,1608,28,0.017,1580,0.983,1354,0.857,226,0.143,297,12,0.04,2910,30,0.01,2880,0.99,2422,0.832,4453,536,0.12,109,0.024,368,0.083,168,0.038,4262,3674,0.862,588,0.138,113,0.027,93,0.022,0,0,3470,2411,0.695,2411,0.695,2396,0.69,15,0.004,1059,0.305,0.006,2325,126,0.054,2199,0.946,2059,0.886,117,0.05,23,0.01,0,0,0,0,1195,818,0.685,2396,1763,0.736,101,0.042,465,0.194,32,0.013,35,0.015,1580,16,0.01,10,0.006,60,0.038,86,0.054,93,0.059,179,0.113,128,0.081,99,0.063,1174,0.743,213,0.135,187,0.118,774,0.49,251186,1301,0,0,0,0,8,0.006,8,0.006,44,0.034,52,0.04,92,0.071,71,0.055,1086,0.835,193,0.148,162,0.125,731,0.562,4453,159,0.036,296,0.066,4157,0.934,257,0,0,1207,12,0.01,777,16,0.021,1301,0,0,1580,32,0.02,226,0.143,1322,0.837,1569,0.993,11,0.007,1354,8,0.006,0,0,0,0,0,0,1346,0.994,0,0,34,0.025,1312,0.969,1354,273,0.202,89,0.066,226,68,0.301,40,0.177,1580,341,0.216,129,0.082
New Park,West Hartford,6076,2867,0.472,3209,0.528,207,0.034,980,0.161,565,0.093,946,0.156,879,0.145,951,0.157,901,0.148,647,0.106,6076,1543,0.254,2467,0.406,1047,0.172,647,0.106,372,0.061,2439,1631,0.669,1631,1003,0.615,77,0.047,551,0.338,396,0.243,33,0.02,245,0.15,2547,108,0.042,2439,0.958,1304,0.535,1135,0.465,573,108,0.188,4324,614,0.142,3710,0.858,1253,0.29,6076,1804,0.297,198,0.033,1095,0.18,709,0.117,5869,3509,0.598,2360,0.402,836,0.142,1190,0.203,431,0.073,5209,3595,0.69,3595,0.69,3231,0.62,364,0.07,1614,0.31,0.101,3194,119,0.037,3075,0.963,2524,0.79,403,0.126,88,0.028,60,0.019,0,0,1084,935,0.863,3231,1102,0.341,778,0.241,670,0.207,236,0.073,445,0.138,2439,282,0.116,110,0.045,242,0.099,634,0.26,501,0.205,1135,0.465,404,0.166,379,0.155,521,0.214,345,0.141,123,0.05,53,0.022,65177,1631,130,0.08,32,0.02,222,0.136,384,0.235,330,0.202,714,0.438,253,0.155,272,0.167,392,0.24,248,0.152,102,0.063,42,0.026,6053,1151,0.19,2238,0.37,3815,0.63,226,77,0.341,1164,354,0.304,647,79,0.122,1631,286,0.175,2439,178,0.073,1071,0.439,1190,0.488,2304,0.945,135,0.055,1304,23,0.018,38,0.029,87,0.067,418,0.321,738,0.566,503,0.386,139,0.107,96,0.074,1304,330,0.253,61,0.047,1135,690,0.608,470,0.414,2439,1020,0.418,531,0.218
Rockledge,West Hartford,6433,3042,0.473,3391,0.527,324,0.05,1309,0.203,448,0.07,525,0.082,988,0.154,956,0.149,863,0.134,1020,0.159,6433,519,0.081,5344,0.831,123,0.019,307,0.048,140,0.022,2540,1721,0.678,1721,1342,0.78,111,0.064,268,0.156,680,0.395,51,0.03,166,0.096,2662,122,0.046,2540,0.954,2252,0.887,288,0.113,270,0,0,4352,188,0.043,4164,0.957,2474,0.568,6433,754,0.117,38,0.006,478,0.074,276,0.043,6109,5062,0.829,1047,0.171,288,0.047,451,0.074,129,0.021,4985,3434,0.689,3434,0.689,3350,0.672,84,0.017,1551,0.311,0.024,3268,97,0.03,3171,0.97,2851,0.872,235,0.072,55,0.017,30,0.009,0,0,1589,1302,0.819,3350,1995,0.596,417,0.124,746,0.223,57,0.017,135,0.04,2540,108,0.043,72,0.028,65,0.026,245,0.096,467,0.184,712,0.28,400,0.157,342,0.135,1086,0.428,423,0.167,284,0.112,379,0.149,112422,1721,19,0.011,33,0.019,9,0.005,61,0.035,226,0.131,287,0.167,231,0.134,283,0.164,920,0.535,312,0.181,239,0.139,369,0.214,6431,274,0.043,694,0.108,5737,0.892,405,46,0.114,1632,53,0.032,1020,64,0.063,1721,52,0.03,2540,72,0.028,861,0.339,1607,0.633,2529,0.996,11,0.004,2252,30,0.013,39,0.017,14,0.006,173,0.077,1996,0.886,338,0.15,556,0.247,1102,0.489,2252,630,0.28,266,0.118,288,136,0.472,79,0.274,2540,766,0.302,345,0.136
West Hartford Center,West Hartford,4895,2460,0.503,2435,0.497,249,0.051,929,0.19,281,0.057,553,0.113,728,0.149,781,0.16,715,0.146,659,0.135,4895,230,0.047,4246,0.867,87,0.018,170,0.035,162,0.033,2018,1313,0.651,1313,1004,0.765,102,0.078,207,0.158,501,0.382,61,0.046,88,0.067,2084,66,0.032,2018,0.968,1580,0.783,438,0.217,246,0,0,3436,29,0.008,3407,0.992,2651,0.772,4895,413,0.084,9,0.002,285,0.058,128,0.026,4646,4150,0.893,496,0.107,79,0.017,168,0.036,6,0.001,3857,2724,0.706,2724,0.706,2648,0.687,76,0.02,1133,0.294,0.028,2632,177,0.067,2455,0.933,2179,0.828,110,0.042,63,0.024,88,0.033,15,0.006,1165,913,0.784,2648,1807,0.682,172,0.065,483,0.182,72,0.027,114,0.043,2018,64,0.032,48,0.024,86,0.043,198,0.098,168,0.083,366,0.181,285,0.141,173,0.086,1194,0.592,399,0.198,340,0.168,455,0.225,145823,1313,26,0.02,0,0,11,0.008,37,0.028,43,0.033,80,0.061,167,0.127,93,0.071,973,0.741,287,0.219,299,0.228,387,0.295,4881,191,0.039,413,0.085,4468,0.915,279,0,0,1165,5,0.004,659,22,0.033,1313,26,0.02,2018,111,0.055,666,0.33,1241,0.615,2018,1,0,0,1580,4,0.003,9,0.006,9,0.006,10,0.006,1548,0.98,99,0.063,142,0.09,1307,0.827,1580,338,0.214,171,0.108,438,146,0.333,77,0.176,2018,484,0.24,248,0.123
Hartford,NA,124320,59981,0.482,64339,0.518,8574,0.069,22198,0.179,19474,0.157,20263,0.163,14403,0.116,14974,0.12,12124,0.098,12310,0.099,124320,54710,0.44,19226,0.155,43559,0.35,3442,0.028,3383,0.027,45845,26572,0.58,26572,9723,0.366,3251,0.122,13598,0.512,3810,0.143,1381,0.052,7990,0.301,53297,7452,0.14,45845,0.86,10877,0.237,34968,0.763,9403,898,0.096,74074,20660,0.279,53414,0.721,12373,0.167,124320,26382,0.212,5307,0.043,10303,0.083,16079,0.129,115746,63266,0.547,52480,0.453,22335,0.193,41865,0.362,17858,0.154,97031,59850,0.617,59850,0.617,49385,0.509,10465,0.108,37181,0.383,0.175,48337,1667,0.034,46670,0.966,28615,0.592,6415,0.133,7321,0.151,3358,0.069,961,0.02,28832,21733,0.754,49385,13215,0.268,13527,0.274,11772,0.238,3280,0.066,7591,0.154,45845,7886,0.172,4336,0.095,6709,0.146,18931,0.413,11989,0.262,30920,0.674,6878,0.15,3523,0.077,4524,0.099,2943,0.064,885,0.019,696,0.015,46528,26572,3616,0.136,2122,0.08,3876,0.146,9614,0.362,7124,0.268,16738,0.63,4192,0.158,2483,0.093,3159,0.119,2024,0.076,622,0.023,513,0.019,117233,37435,0.319,67353,0.575,49880,0.425,10243,4710,0.46,30358,13106,0.432,11801,3016,0.256,26572,7714,0.29,45845,15205,0.332,19642,0.428,10998,0.24,43314,0.945,2531,0.055,10877,534,0.049,1417,0.13,2724,0.25,2862,0.263,3340,0.307,1458,0.134,730,0.067,1152,0.106,10877,4175,0.384,1841,0.169,34968,19316,0.552,11504,0.329,45845,23491,0.512,13345,0.291
West Hartford,NA,63187,29782,0.471,33405,0.529,2998,0.047,11274,0.178,4769,0.075,7613,0.12,8010,0.127,9001,0.142,8445,0.134,11077,0.175,63187,6129,0.097,46978,0.743,3947,0.062,4543,0.072,1590,0.025,24640,15911,0.646,15911,12676,0.797,854,0.054,2381,0.15,5852,0.368,361,0.023,1278,0.08,25987,1347,0.052,24640,0.948,17578,0.713,7062,0.287,3670,172,0.047,44146,2628,0.06,41518,0.94,27238,0.617,63187,10867,0.172,1315,0.021,6958,0.11,3909,0.062,60189,46565,0.774,13624,0.226,4665,0.078,4511,0.075,1469,0.024,50934,34696,0.681,34691,0.681,32937,0.647,1754,0.034,16238,0.319,0.051,32189,1459,0.045,30730,0.955,26732,0.83,2343,0.073,770,0.024,660,0.021,225,0.007,13841,10440,0.754,32937,19881,0.604,3867,0.117,6512,0.198,1124,0.034,1553,0.047,24640,1245,0.051,804,0.033,1330,0.054,3379,0.137,3228,0.131,6607,0.268,3566,0.145,3308,0.134,11159,0.453,4086,0.166,2670,0.108,4403,0.179,129622,15911,401,0.025,159,0.01,592,0.037,1152,0.072,1528,0.096,2680,0.168,2023,0.127,2056,0.129,9152,0.575,2933,0.184,2231,0.14,3988,0.251,61418,4725,0.077,10453,0.17,50965,0.83,3631,238,0.066,14075,1279,0.091,10339,818,0.079,15911,859,0.054,24640,1960,0.08,7767,0.315,14913,0.605,24270,0.985,370,0.015,17578,340,0.019,152,0.009,355,0.02,1351,0.077,15380,0.875,2794,0.159,3016,0.172,9570,0.544,17578,4356,0.248,1932,0.11,7062,3138,0.444,1752,0.248,24640,7494,0.304,3684,0.15
Greater Hartford,NA,945378,461029,0.488,484349,0.512,49642,0.053,151871,0.161,101697,0.108,119199,0.126,113923,0.121,139178,0.147,124787,0.132,145081,0.153,945378,147744,0.156,624005,0.66,105045,0.111,46907,0.05,21677,0.023,361560,235837,0.652,235837,169352,0.718,16049,0.068,50436,0.214,67311,0.285,6697,0.028,28185,0.12,390031,28471,0.073,361560,0.927,232920,0.644,128640,0.356,56935,2827,0.05,642168,65736,0.102,576432,0.898,241959,0.377,945378,133609,0.141,21041,0.022,69766,0.074,63843,0.068,895736,682444,0.762,213292,0.238,75197,0.084,105823,0.118,37664,0.042,769283,511382,0.665,510902,0.664,470134,0.611,40768,0.053,257901,0.335,0.08,458618,17963,0.039,440655,0.961,372146,0.811,36121,0.079,15355,0.033,13043,0.028,3990,0.009,193638,147539,0.762,470134,203321,0.432,78881,0.168,111053,0.236,30152,0.064,46727,0.099,361560,22513,0.062,13807,0.038,29712,0.082,66032,0.183,68187,0.189,134219,0.371,57977,0.16,48060,0.133,121304,0.336,61456,0.17,28538,0.079,31310,0.087,93263,235837,9231,0.039,4805,0.02,11862,0.05,25898,0.11,36308,0.154,62206,0.264,36157,0.153,34436,0.146,103038,0.437,49923,0.212,25020,0.106,28095,0.119,906731,101974,0.112,219359,0.242,687372,0.758,59400,10254,0.173,198945,30748,0.155,139193,10603,0.076,235837,19011,0.081,361560,37364,0.103,120816,0.334,203380,0.563,354752,0.981,6808,0.019,232920,6500,0.028,7598,0.033,24784,0.106,43759,0.188,150279,0.645,41924,0.18,33387,0.143,74968,0.322,232920,62699,0.269,22429,0.096,128640,60901,0.473,32652,0.254,361560,123600,0.342,55081,0.152
Connecticut,NA,3588570,1750270,0.488,1838300,0.512,188812,0.053,584840,0.163,348789,0.097,438471,0.122,439606,0.123,545977,0.152,487052,0.136,555023,0.155,3588570,537728,0.15,2464450,0.687,347674,0.097,151376,0.042,87342,0.024,1354713,894413,0.66,894413,660846,0.739,60024,0.067,173543,0.194,263372,0.294,25676,0.029,94359,0.105,1493798,139085,0.093,1354713,0.907,900223,0.665,454490,0.335,203789,10184,0.05,2466129,242932,0.099,2223197,0.901,938319,0.38,3588570,503209,0.14,71177,0.02,248580,0.069,254629,0.071,3399758,2649470,0.779,750288,0.221,277898,0.082,391576,0.115,153684,0.045,2911925,1957060,0.672,1948693,0.669,1793688,0.616,155005,0.053,954865,0.328,0.08,1761516,81050,0.046,1680466,0.954,1379406,0.783,143187,0.081,85762,0.049,57232,0.032,14879,0.008,744560,551562,0.741,1793688,754723,0.421,320110,0.178,417413,0.233,130944,0.073,170498,0.095,1354713,75787,0.056,50565,0.037,109384,0.081,235736,0.174,249351,0.184,485087,0.358,217945,0.161,172153,0.127,479528,0.354,229491,0.169,111209,0.082,138828,0.102,102616,894413,29623,0.033,17060,0.019,44354,0.05,91037,0.102,135756,0.152,226793,0.254,137336,0.154,124033,0.139,406251,0.454,186214,0.208,96075,0.107,123962,0.139,3479672,360464,0.104,812120,0.233,2667552,0.767,226198,36897,0.163,763850,107690,0.141,533413,38003,0.071,894413,65559,0.073,1354713,122629,0.091,441065,0.326,791019,0.584,1329924,0.982,24789,0.018,900223,24343,0.027,29703,0.033,81158,0.09,139979,0.155,625040,0.694,130122,0.145,115949,0.129,378969,0.421,900223,275122,0.306,110214,0.122,454490,222803,0.49,117479,0.258,1354713,497925,0.368,227693,0.168
