"","level","city","name","total_pop_num","total_pop_per","male_num","male_per","female_num","female_per","under5_num","under5_per","age5_17_num","age5_17_per","age18_24_num","age18_24_per","age25_34_num","age25_34_per","age35_44_num","age35_44_per","age45_54_num","age45_54_per","age55_64_num","age55_64_per","age65plus_num","age65plus_per","total_pop_race_num","total_pop_race_per","hispanic_num","hispanic_per","white_num","white_per","black_num","black_per","asian_num","asian_per","other_race_num","other_race_per","total_hh_num","total_hh_per","family_hh_num","family_hh_per","family_hh_type_num","family_hh_type_per","married_hh_num","married_hh_per","male_hh_num","male_hh_per","female_hh_num","female_hh_per","married_hh_kids_num","married_hh_kids_per","male_hh_kids_num","male_hh_kids_per","female_hh_kids_num","female_hh_kids_per","total_units_num","total_units_per","vacant_num","vacant_per","occupied_num","occupied_per","owned_num","owned_per","rented_num","rented_per","ages16_19_num","ages16_19_per","disconnected_num","disconnected_per","age25plus_num","age25plus_per","less_than_hs_num","less_than_hs_per","hs_plus_num","hs_plus_per","bach_plus_num","bach_plus_per","total_pop_fb_num","total_pop_fb_per","foreign_born_num","foreign_born_per","entered_2010later_num","entered_2010later_per","naturalized_num","naturalized_per","not_citizen_num","not_citizen_per","age5plus_num","age5plus_per","english_only_num","english_only_per","other_home_lang_num","other_home_lang_per","low_english_num","low_english_per","spanish_num","spanish_per","spanish_low_eng_num","spanish_low_eng_per","age16plus_num","age16plus_per","labor_force_num","labor_force_per","civ_labor_force_num","civ_labor_force_per","civ_employed_num","civ_employed_per","civ_unemployed_num","civ_unemployed_per","not_in_force_num","not_in_force_per","unemployment_num","unemployment_per","workers_num","workers_per","work_home_num","work_home_per","work_not_home_num","work_not_home_per","drive_alone_num","drive_alone_per","carpool_num","carpool_per","public_transit_num","public_transit_per","walk_bike_num","walk_bike_per","other_transit_num","other_transit_per","kids_in_fams_num","kids_in_fams_per","kids_all_parents_work_num","kids_all_parents_work_per","employed_occ_num","employed_occ_per","management_num","management_per","service_num","service_per","sales_num","sales_per","resources_num","resources_per","production_num","production_per","households_inc_num","households_inc_per","hh_inc_under10_num","hh_inc_under10_per","hh_inc10_15_num","hh_inc10_15_per","hh_inc15_25_num","hh_inc15_25_per","hh_inc_under25_num","hh_inc_under25_per","hh_inc25_50_num","hh_inc25_50_per","hh_inc_under50_num","hh_inc_under50_per","hh_inc50_75_num","hh_inc50_75_per","hh_inc75_100_num","hh_inc75_100_per","hh_inc_100plus_num","hh_inc_100plus_per","hh_inc100_150_num","hh_inc100_150_per","hh_inc150_200_num","hh_inc150_200_per","hh_inc_200plus_num","hh_inc_200plus_per","avg_hh_inc_num","avg_hh_inc_per","families_inc_num","families_inc_per","fam_inc_under10_num","fam_inc_under10_per","fam_inc10_15_num","fam_inc10_15_per","fam_inc15_25_num","fam_inc15_25_per","fam_inc_under25_num","fam_inc_under25_per","fam_inc25_50_num","fam_inc25_50_per","fam_inc_under50_num","fam_inc_under50_per","fam_inc50_75_num","fam_inc50_75_per","fam_inc75_100_num","fam_inc75_100_per","fam_inc_100plus_num","fam_inc_100plus_per","fam_inc100_150_num","fam_inc100_150_per","fam_inc150_200_num","fam_inc150_200_per","fam_inc_200plus_num","fam_inc_200plus_per","pov_determined_num","pov_determined_per","poverty_num","poverty_per","low_inc_num","low_inc_per","twice_fpl_num","twice_fpl_per","under6_status_num","under6_status_per","under6_poverty_num","under6_poverty_per","under18_status_num","under18_status_per","under18_poverty_num","under18_poverty_per","over65_status_num","over65_status_per","over65_poverty_num","over65_poverty_per","families_pov_num","families_pov_per","family_poverty_num","family_poverty_per","occupied_units_num","occupied_units_per","hh_0_vehicle_num","hh_0_vehicle_per","hh_1_vehicle_num","hh_1_vehicle_per","hh_2plus_vehicle_num","hh_2plus_vehicle_per","not_crowded_num","not_crowded_per","overcrowded_num","overcrowded_per","owned_units_val_num","owned_units_val_per","val_under50_num","val_under50_per","val50_100_num","val50_100_per","val100_150_num","val100_150_per","val150_200_num","val150_200_per","val_200plus_num","val_200plus_per","val200_250_num","val200_250_per","val250_300_num","val250_300_per","val_300plus_num","val_300plus_per","owned_units_burden_num","owned_units_burden_per","owned_cost30_num","owned_cost30_per","owned_cost50_num","owned_cost50_per","rented_units_burden_num","rented_units_burden_per","rent_cost30_num","rent_cost30_per","rent_cost50_num","rent_cost50_per","units_burden_num","units_burden_per","units_cost30_num","units_cost30_per","units_cost50_num","units_cost50_per"
"1","neighborhood","Bridgeport","Black Rock",8284,,4000,0.483,4284,0.517,654,0.079,818,0.099,448,0.054,2048,0.247,1193,0.144,922,0.111,963,0.116,1240,0.15,8284,,1698,0.205,4752,0.574,1383,0.167,128,0.015,323,0.039,3694,,1740,0.471,1740,,1122,0.645,123,0.071,495,0.284,443,0.255,42,0.024,288,0.166,4144,,450,0.109,3694,0.891,1259,0.341,2435,0.659,110,,9,0.082,6365,,955,0.15,5409,0.85,2510,0.394,8284,,1902,0.23,266,0.032,639,0.077,1262,0.152,7630,,5145,0.674,2484,0.326,1080,0.142,1530,0.201,740,0.097,6864,,4999,0.728,4989,0.727,4534,0.661,455,0.066,1865,0.272,455,0.091,4488,,148,0.033,4341,0.967,3206,0.714,435,0.097,542,0.121,158,0.035,0,0,1446,,945,0.654,4534,,1807,0.399,1133,0.25,1092,0.241,202,0.045,302,0.067,3694,,294,0.08,130,0.035,390,0.106,814,0.22,679,0.184,1493,0.404,744,0.201,631,0.171,826,0.224,481,0.13,184,0.05,161,0.044,74712,,1740,,153,0.088,42,0.024,156,0.09,351,0.202,332,0.191,683,0.393,174,0.1,344,0.198,540,0.31,248,0.143,170,0.098,122,0.07,8284,,1184,0.143,2641,0.319,5644,0.681,793,,187,0.236,1471,,356,0.242,1239,,115,0.093,1740,,237,0.136,3694,,563,0.152,1679,0.455,1451,0.393,3599,0.974,95,0.026,1259,,0,0,97,0.077,187,0.149,183,0.145,794,0.631,134,0.106,196,0.156,464,0.369,1259,,489,0.388,172,0.137,2435,,1073,0.441,601,0.247,3694,,1562,0.423,773,0.209
"2","neighborhood","Bridgeport","Brooklawn St Vincent",23625,,12219,0.517,11407,0.483,1469,0.062,3663,0.155,2470,0.105,4214,0.178,3515,0.149,2973,0.126,2695,0.114,2625,0.111,23625,,9171,0.388,6518,0.276,6246,0.264,814,0.034,876,0.037,8131,,5026,0.618,5026,,2902,0.577,614,0.122,1510,0.3,1410,0.281,239,0.048,713,0.142,9280,,1149,0.124,8131,0.876,3497,0.43,4635,0.57,1183,,80,0.068,16023,,4121,0.257,11902,0.743,3092,0.193,23625,,8633,0.365,1309,0.055,2689,0.114,5943,0.252,22155,,10606,0.479,11551,0.521,5793,0.261,7583,0.342,3850,0.174,19119,,13307,0.696,13307,0.696,11561,0.605,1746,0.091,5812,0.304,1746,0.131,11196,,354,0.032,10841,0.968,7365,0.658,1533,0.137,1263,0.113,454,0.041,225,0.02,4805,,3770,0.785,11561,,3115,0.269,3606,0.312,1915,0.166,1552,0.134,1371,0.119,8131,,648,0.08,441,0.054,990,0.122,2079,0.256,2212,0.272,4291,0.528,1411,0.174,1012,0.124,1417,0.174,887,0.109,210,0.026,320,0.039,64972,,5026,,293,0.058,173,0.034,365,0.073,831,0.165,1572,0.313,2403,0.478,918,0.183,622,0.124,1082,0.215,660,0.131,150,0.03,272,0.054,22624,,3759,0.166,9021,0.399,13603,0.601,1699,,479,0.282,5110,,1402,0.274,2494,,174,0.07,5026,,726,0.144,8131,,1443,0.177,3282,0.404,3406,0.419,7732,0.951,400,0.049,3497,,127,0.036,218,0.062,530,0.152,1145,0.327,1478,0.423,575,0.164,552,0.158,351,0.1,3497,,1667,0.477,828,0.237,4635,,2524,0.545,1545,0.333,8132,,4191,0.515,2373,0.292
"3","neighborhood","Bridgeport","Downtown",3735,,1735,0.465,2000,0.535,266,0.071,492,0.132,698,0.187,599,0.16,489,0.131,429,0.115,305,0.082,455,0.122,3735,,1690,0.452,595,0.159,1209,0.324,134,0.036,107,0.029,1642,,683,0.416,683,,160,0.234,111,0.163,413,0.605,58,0.085,43,0.063,272,0.398,1898,,256,0.135,1642,0.865,109,0.066,1533,0.934,336,,58,0.173,2277,,732,0.321,1546,0.679,463,0.203,3735,,790,0.212,284,0.076,221,0.059,569,0.152,3469,,1928,0.556,1541,0.444,701,0.202,1222,0.352,573,0.165,3047,,1687,0.554,1687,0.554,1305,0.428,382,0.125,1360,0.446,382,0.226,1288,,42,0.033,1246,0.967,757,0.588,65,0.05,319,0.248,82,0.064,23,0.018,735,,586,0.797,1305,,355,0.272,456,0.349,321,0.246,82,0.063,91,0.07,1642,,392,0.239,259,0.158,385,0.234,1036,0.631,237,0.144,1273,0.775,149,0.091,145,0.088,76,0.046,45,0.027,18,0.011,13,0.008,33715,,683,,93,0.136,77,0.113,183,0.268,353,0.517,157,0.23,510,0.747,57,0.083,65,0.095,51,0.075,33,0.048,6,0.009,12,0.018,3455,,1550,0.449,2400,0.695,1055,0.305,311,,215,0.691,744,,484,0.651,447,,162,0.362,683,,267,0.391,1642,,796,0.485,557,0.339,289,0.176,1583,0.964,59,0.036,109,,11,0.101,34,0.312,17,0.156,26,0.239,22,0.202,3,0.028,4,0.037,15,0.138,109,,43,0.394,10,0.092,1533,,834,0.544,467,0.305,1642,,877,0.534,477,0.29
"4","neighborhood","Bridgeport","East End",9310,,4368,0.469,4942,0.531,772,0.083,1870,0.201,1043,0.112,1468,0.158,1297,0.139,1247,0.134,864,0.093,753,0.081,9310,,3877,0.416,506,0.054,4560,0.49,182,0.02,184,0.02,3051,,2059,0.675,2059,,989,0.48,208,0.101,862,0.419,523,0.254,99,0.048,440,0.214,3708,,657,0.177,3051,0.823,914,0.3,2137,0.7,523,,57,0.109,5624,,1202,0.214,4419,0.786,610,0.108,9310,,1861,0.2,590,0.063,728,0.078,1134,0.122,8538,,5322,0.623,3218,0.377,1716,0.201,2565,0.3,1401,0.164,6942,,4998,0.72,4998,0.72,3990,0.575,1008,0.145,1944,0.28,1008,0.202,3809,,66,0.017,3742,0.982,2308,0.606,531,0.139,665,0.175,182,0.048,56,0.015,2581,,1740,0.674,3990,,728,0.182,1382,0.346,871,0.218,301,0.075,708,0.177,3051,,429,0.141,225,0.074,353,0.116,1007,0.33,1003,0.329,2010,0.659,521,0.171,266,0.087,254,0.083,190,0.062,56,0.018,8,0.003,44830,,2059,,242,0.118,81,0.039,238,0.116,561,0.272,744,0.361,1305,0.634,353,0.171,226,0.11,175,0.085,113,0.055,54,0.026,8,0.004,9234,,2620,0.284,5640,0.611,3595,0.389,985,,365,0.371,2627,,946,0.36,740,,142,0.192,2059,,488,0.237,3051,,696,0.228,1408,0.461,947,0.31,2850,0.934,202,0.066,914,,130,0.142,217,0.237,189,0.207,256,0.28,122,0.133,40,0.044,64,0.07,18,0.02,914,,372,0.407,211,0.231,2137,,1360,0.636,824,0.386,3051,,1732,0.568,1035,0.339
"5","neighborhood","Bridgeport","East Side",13808,,6496,0.47,7312,0.53,1473,0.107,2888,0.209,1516,0.11,2362,0.171,1914,0.139,1438,0.104,1305,0.095,912,0.066,13808,,8198,0.594,266,0.019,4734,0.343,271,0.02,339,0.025,4343,,3140,0.723,3140,,1156,0.368,405,0.129,1579,0.503,521,0.166,252,0.08,1025,0.326,5050,,707,0.14,4343,0.86,921,0.212,3422,0.788,806,,174,0.216,7931,,2627,0.331,5304,0.669,490,0.062,13808,,3309,0.24,928,0.067,877,0.064,2432,0.176,12335,,5196,0.421,7139,0.579,3687,0.299,6375,0.517,3387,0.275,9952,,6774,0.681,6774,0.681,5439,0.547,1335,0.134,3178,0.319,1335,0.197,5369,,77,0.014,5292,0.986,2975,0.554,1200,0.224,603,0.112,374,0.07,140,0.026,3986,,2903,0.728,5439,,669,0.123,1896,0.349,1471,0.27,402,0.074,1001,0.184,4343,,723,0.166,323,0.074,760,0.175,1806,0.416,1321,0.304,3127,0.72,564,0.13,257,0.059,395,0.091,316,0.073,53,0.012,26,0.006,42254,,3140,,361,0.115,192,0.061,568,0.181,1121,0.357,1126,0.359,2247,0.716,431,0.137,125,0.04,337,0.107,266,0.085,53,0.017,18,0.006,13647,,4448,0.326,8461,0.62,5186,0.38,1591,,662,0.416,4292,,1769,0.412,912,,251,0.275,3140,,869,0.277,4343,,1245,0.287,1863,0.429,1235,0.284,4018,0.925,325,0.075,921,,35,0.038,134,0.145,191,0.207,405,0.44,156,0.169,77,0.084,54,0.059,25,0.027,921,,488,0.53,215,0.233,3422,,2179,0.637,1395,0.408,4343,,2667,0.614,1610,0.371
"6","neighborhood","Bridgeport","Enterprise",728,,357,0.49,372,0.511,73,0.1,122,0.168,65,0.089,117,0.161,101,0.139,92,0.126,90,0.124,67,0.092,728,,270,0.371,123,0.169,272,0.374,30,0.041,33,0.045,270,,172,0.637,172,,95,0.552,14,0.081,62,0.36,40,0.233,9,0.052,43,0.25,316,,46,0.146,270,0.854,87,0.322,183,0.678,35,,4,0.114,468,,131,0.28,336,0.718,82,0.175,728,,296,0.407,38,0.052,85,0.117,210,0.288,654,,314,0.48,340,0.52,188,0.287,196,0.3,114,0.174,557,,423,0.759,423,0.759,364,0.654,59,0.106,135,0.242,59,0.139,355,,2,0.006,353,0.994,237,0.668,59,0.166,38,0.107,10,0.028,9,0.025,171,,123,0.719,364,,67,0.184,155,0.426,57,0.157,39,0.107,46,0.126,270,,24,0.089,19,0.07,55,0.204,98,0.363,70,0.259,168,0.622,45,0.167,22,0.081,35,0.13,29,0.107,0,0,6,0.022,54890,,172,,8,0.047,2,0.012,32,0.186,42,0.244,55,0.32,97,0.564,26,0.151,18,0.105,31,0.18,25,0.145,0,0,6,0.035,726,,159,0.219,410,0.565,318,0.438,88,,31,0.352,196,,58,0.296,66,,2,0.03,172,,27,0.157,270,,75,0.278,116,0.43,79,0.293,263,0.974,7,0.026,87,,2,0.023,4,0.046,25,0.287,21,0.241,36,0.414,17,0.195,6,0.069,13,0.149,87,,51,0.586,31,0.356,183,,124,0.678,91,0.497,270,,175,0.648,122,0.452
"7","neighborhood","Bridgeport","Hollow",7280,,3603,0.495,3676,0.505,589,0.081,1492,0.205,1084,0.149,1357,0.186,1014,0.139,859,0.118,526,0.072,362,0.05,7280,,3625,0.498,1242,0.171,1921,0.264,77,0.011,415,0.057,2261,,1639,0.725,1639,,537,0.328,239,0.146,863,0.527,256,0.156,121,0.074,566,0.345,2706,,445,0.164,2261,0.836,367,0.162,1895,0.838,537,,108,0.201,4116,,1459,0.354,2656,0.645,388,0.094,7280,,2573,0.353,517,0.071,524,0.072,2050,0.282,6690,,2725,0.407,3966,0.593,2199,0.329,2940,0.439,1598,0.239,5436,,4009,0.737,4009,0.737,3280,0.603,729,0.134,1427,0.263,729,0.182,3229,,199,0.062,3030,0.938,1655,0.513,451,0.14,502,0.155,351,0.109,71,0.022,1970,,1596,0.81,3280,,414,0.126,1154,0.352,586,0.179,649,0.198,476,0.145,2261,,327,0.145,233,0.103,490,0.217,1050,0.464,498,0.22,1548,0.685,371,0.164,143,0.063,199,0.088,126,0.056,35,0.015,38,0.017,46303,,1639,,302,0.184,189,0.115,321,0.196,812,0.495,356,0.217,1168,0.713,209,0.128,98,0.06,163,0.099,108,0.066,26,0.016,29,0.018,7256,,2808,0.387,4598,0.634,2658,0.366,785,,519,0.661,2056,,1233,0.6,360,,89,0.247,1639,,698,0.426,2261,,753,0.333,873,0.386,635,0.281,2012,0.89,250,0.111,367,,17,0.046,29,0.079,100,0.272,80,0.218,140,0.381,62,0.169,47,0.128,31,0.084,367,,148,0.403,80,0.218,1895,,1148,0.606,757,0.399,2262,,1296,0.573,837,0.37
"8","neighborhood","Bridgeport","Mill Hill",12776,,6283,0.492,6493,0.508,887,0.069,2144,0.168,1341,0.105,2061,0.161,1646,0.129,1651,0.129,1520,0.119,1526,0.119,12776,,5004,0.392,1928,0.151,5078,0.397,595,0.047,172,0.013,4830,,2902,0.601,2902,,1143,0.394,358,0.123,1400,0.482,540,0.186,150,0.052,801,0.276,5540,,710,0.128,4830,0.872,2209,0.457,2620,0.542,601,,89,0.148,8405,,2005,0.239,6400,0.761,1164,0.138,12776,,3347,0.262,545,0.043,1403,0.11,1943,0.152,11889,,6804,0.572,5086,0.428,2549,0.214,3636,0.306,1603,0.135,10063,,6913,0.687,6913,0.687,5807,0.577,1106,0.11,3150,0.313,1106,0.16,5660,,163,0.029,5498,0.971,3761,0.664,736,0.13,558,0.099,368,0.065,75,0.013,2725,,2141,0.786,5807,,1346,0.232,1513,0.261,1403,0.242,440,0.076,1104,0.19,4830,,554,0.115,287,0.059,824,0.171,1665,0.345,1317,0.273,2982,0.617,849,0.176,524,0.108,475,0.098,311,0.064,100,0.021,64,0.013,50108,,2902,,203,0.07,65,0.022,434,0.15,702,0.242,766,0.264,1468,0.506,570,0.196,450,0.155,415,0.143,294,0.101,57,0.02,64,0.022,12306,,2460,0.2,5742,0.467,6563,0.533,888,,227,0.256,2881,,740,0.257,1362,,309,0.227,2902,,411,0.142,4830,,1189,0.246,2107,0.436,1535,0.318,4532,0.938,296,0.061,2209,,437,0.198,599,0.271,342,0.155,535,0.242,300,0.136,127,0.057,105,0.048,68,0.031,2209,,804,0.364,355,0.161,2620,,1633,0.623,1003,0.383,4829,,2437,0.505,1358,0.281
"9","neighborhood","Bridgeport","North End",24131,,11812,0.489,12319,0.511,1185,0.049,3583,0.148,3475,0.144,3490,0.145,3212,0.133,3155,0.131,2929,0.121,3101,0.129,24131,,6564,0.272,9720,0.403,6565,0.272,611,0.025,671,0.028,8097,,5504,0.68,5504,,3881,0.705,427,0.078,1196,0.217,1650,0.3,168,0.031,479,0.087,8882,,785,0.088,8097,0.912,5600,0.692,2496,0.308,2000,,61,0.03,15887,,2520,0.159,13370,0.842,3643,0.229,24131,,7515,0.311,796,0.033,3284,0.136,4231,0.175,22946,,13190,0.575,9755,0.425,4337,0.189,5275,0.23,2231,0.097,20023,,13668,0.683,13668,0.683,12249,0.612,1419,0.071,6355,0.317,1419,0.104,11960,,300,0.025,11661,0.975,9162,0.766,1409,0.118,732,0.061,312,0.026,45,0.004,4477,,3760,0.84,12249,,3735,0.305,2726,0.223,3094,0.253,1220,0.1,1474,0.12,8097,,524,0.065,359,0.044,614,0.076,1497,0.185,1862,0.23,3359,0.415,1279,0.158,1251,0.155,2209,0.273,1321,0.163,461,0.057,427,0.053,79829,,5504,,210,0.038,209,0.038,184,0.033,603,0.11,1296,0.235,1899,0.345,907,0.165,961,0.175,1735,0.315,1085,0.197,342,0.062,308,0.056,22821,,2492,0.109,6534,0.286,16286,0.714,1351,,185,0.137,4633,,567,0.122,3039,,324,0.107,5504,,508,0.092,8097,,637,0.079,2897,0.358,4565,0.564,7697,0.951,400,0.049,5600,,214,0.038,416,0.074,1062,0.19,1940,0.346,1967,0.351,998,0.178,587,0.105,382,0.068,5600,,2100,0.375,999,0.178,2496,,1348,0.54,710,0.284,8096,,3448,0.426,1709,0.211
"10","neighborhood","Bridgeport","Reservoir Whiskey Hill",8739,,4150,0.475,4590,0.525,670,0.077,1590,0.182,976,0.112,1190,0.136,1067,0.122,1420,0.162,903,0.103,926,0.106,8739,,2615,0.299,1136,0.13,4495,0.514,116,0.013,377,0.043,2779,,2169,0.78,2169,,1185,0.546,206,0.095,778,0.359,487,0.225,109,0.05,369,0.17,3040,,261,0.086,2779,0.914,1911,0.688,868,0.312,356,,37,0.104,5505,,801,0.146,4706,0.855,912,0.166,8739,,2275,0.26,270,0.031,1205,0.138,1070,0.122,8069,,4663,0.578,3407,0.422,1170,0.145,2099,0.26,710,0.088,6698,,4983,0.744,4983,0.744,4260,0.636,723,0.108,1715,0.256,723,0.145,4202,,53,0.013,4149,0.987,3076,0.732,474,0.113,458,0.109,79,0.019,62,0.015,2192,,1888,0.861,4260,,997,0.234,1163,0.273,1097,0.258,333,0.078,670,0.157,2779,,243,0.087,85,0.031,200,0.072,528,0.19,814,0.293,1342,0.483,439,0.158,402,0.145,594,0.214,404,0.145,127,0.046,63,0.023,67198,,2169,,132,0.061,19,0.009,155,0.071,306,0.141,670,0.309,976,0.45,331,0.153,341,0.157,521,0.24,352,0.162,117,0.054,52,0.024,8694,,1164,0.134,3321,0.382,5373,0.618,768,,218,0.284,2215,,496,0.224,925,,78,0.084,2169,,244,0.112,2779,,282,0.101,782,0.281,1712,0.616,2647,0.953,131,0.047,1911,,195,0.102,154,0.081,432,0.226,477,0.25,652,0.341,326,0.171,194,0.102,132,0.069,1911,,955,0.5,403,0.211,868,,533,0.614,260,0.3,2779,,1488,0.535,663,0.239
"11","neighborhood","Bridgeport","South End",3474,,1786,0.514,1687,0.486,213,0.061,371,0.107,1024,0.295,649,0.187,401,0.115,289,0.083,291,0.084,235,0.068,3474,,1023,0.294,965,0.278,844,0.243,563,0.162,79,0.023,1192,,501,0.42,501,,158,0.315,32,0.064,311,0.621,55,0.11,14,0.028,166,0.331,1530,,338,0.221,1192,0.779,324,0.272,868,0.728,378,,14,0.037,1866,,344,0.184,1520,0.815,774,0.415,3474,,1012,0.291,564,0.162,180,0.052,832,0.239,3261,,1799,0.552,1462,0.448,684,0.21,720,0.221,336,0.103,2944,,1455,0.494,1455,0.494,1140,0.387,315,0.107,1489,0.506,315,0.216,1104,,32,0.029,1071,0.97,611,0.553,96,0.087,118,0.107,231,0.209,15,0.014,553,,281,0.508,1140,,336,0.295,317,0.278,352,0.309,36,0.032,98,0.086,1192,,281,0.236,111,0.093,219,0.184,611,0.513,316,0.265,927,0.778,160,0.134,29,0.024,76,0.064,52,0.044,17,0.014,7,0.006,34549,,501,,79,0.158,54,0.108,60,0.12,193,0.385,200,0.399,393,0.784,57,0.114,17,0.034,34,0.068,14,0.028,17,0.034,3,0.006,2778,,1081,0.389,2067,0.744,710,0.256,218,,137,0.628,576,,254,0.441,229,,38,0.166,501,,136,0.271,1192,,357,0.299,612,0.513,222,0.186,1131,0.949,60,0.05,324,,53,0.164,144,0.444,33,0.102,36,0.111,57,0.176,5,0.015,15,0.046,37,0.114,324,,143,0.441,63,0.194,868,,488,0.562,244,0.281,1192,,631,0.529,307,0.258
"12","neighborhood","Bridgeport","Upper East Side",9492,,4116,0.434,5376,0.566,618,0.065,1857,0.196,940,0.099,1116,0.118,1358,0.143,1136,0.12,1319,0.139,1145,0.121,9492,,3852,0.406,1769,0.186,3401,0.358,226,0.024,243,0.026,3270,,2209,0.676,2209,,1049,0.475,245,0.111,915,0.414,469,0.212,78,0.035,470,0.213,3696,,426,0.115,3270,0.885,1616,0.494,1654,0.506,472,,56,0.119,6075,,1248,0.205,4829,0.795,954,0.157,9492,,2327,0.245,128,0.013,1249,0.132,1078,0.114,8874,,5370,0.605,3504,0.395,1591,0.179,2655,0.299,1316,0.148,7248,,5036,0.695,5036,0.695,4201,0.58,836,0.115,2211,0.305,836,0.166,4059,,73,0.018,3986,0.982,2865,0.706,509,0.125,394,0.097,185,0.046,33,0.008,2225,,2056,0.924,4201,,1028,0.245,1119,0.266,882,0.21,404,0.096,766,0.182,3270,,280,0.086,220,0.067,476,0.146,976,0.298,714,0.218,1690,0.517,735,0.225,350,0.107,494,0.151,281,0.086,112,0.034,101,0.031,61082,,2209,,124,0.056,88,0.04,264,0.12,476,0.215,411,0.186,887,0.402,567,0.257,311,0.141,441,0.2,260,0.118,80,0.036,101,0.046,9127,,1584,0.174,3710,0.406,5417,0.594,693,,312,0.45,2361,,637,0.27,976,,111,0.114,2209,,312,0.141,3270,,714,0.218,1229,0.376,1326,0.406,3148,0.963,122,0.037,1616,,140,0.087,226,0.14,287,0.178,388,0.24,578,0.358,278,0.172,198,0.123,102,0.063,1616,,701,0.434,338,0.209,1654,,1135,0.686,616,0.372,3270,,1836,0.561,954,0.292
"13","neighborhood","Bridgeport","West End West Side",21640,,10407,0.481,11233,0.519,1646,0.076,4337,0.2,2588,0.12,3749,0.173,2718,0.126,2622,0.121,2230,0.103,1748,0.081,21640,,10101,0.467,2421,0.112,7808,0.361,815,0.038,495,0.023,6798,,4632,0.681,4632,,2034,0.439,589,0.127,2009,0.434,1056,0.228,124,0.027,1261,0.272,7870,,1072,0.136,6798,0.864,1843,0.271,4955,0.729,1224,,231,0.189,13068,,3984,0.305,9084,0.695,1648,0.126,21640,,6362,0.294,952,0.044,2022,0.093,4340,0.201,19993,,9190,0.46,10805,0.54,5761,0.288,7905,0.395,4232,0.212,16199,,11298,0.697,11298,0.697,9330,0.576,1968,0.121,4902,0.303,1968,0.174,9152,,287,0.031,8867,0.969,6036,0.66,946,0.103,1398,0.153,428,0.047,58,0.006,5628,,4092,0.727,9330,,1871,0.201,3325,0.356,1913,0.205,820,0.088,1400,0.15,6798,,1057,0.155,545,0.08,1084,0.159,2686,0.395,1540,0.227,4226,0.622,1024,0.151,720,0.106,827,0.122,569,0.084,109,0.016,149,0.022,51343,,4632,,614,0.133,335,0.072,592,0.128,1541,0.333,1207,0.261,2748,0.593,668,0.144,579,0.125,638,0.138,439,0.095,75,0.016,124,0.027,21270,,6143,0.289,11815,0.555,9454,0.444,2118,,1058,0.5,5866,,2581,0.44,1637,,281,0.172,4632,,1276,0.275,6798,,1906,0.28,2615,0.385,2277,0.335,6310,0.928,487,0.072,1843,,53,0.029,207,0.112,432,0.234,431,0.234,719,0.39,168,0.091,343,0.186,208,0.113,1843,,1027,0.557,598,0.324,4955,,2799,0.565,1710,0.345,6798,,3826,0.563,2308,0.34
"14","neighborhood","Stamford","Belltown",4258,,2009,0.472,2248,0.528,281,0.066,667,0.157,279,0.066,721,0.169,646,0.152,581,0.136,558,0.131,523,0.123,4258,,643,0.151,2648,0.622,426,0.1,364,0.085,177,0.042,1656,,1060,0.64,1060,,834,0.787,23,0.022,204,0.192,334,0.315,7,0.007,95,0.09,1778,,122,0.069,1656,0.931,1124,0.679,532,0.321,256,,17,0.066,3030,,251,0.083,2777,0.917,1423,0.47,4258,,1056,0.248,121,0.028,608,0.143,447,0.105,3976,,2819,0.709,1157,0.291,406,0.102,489,0.123,199,0.05,3474,,2618,0.754,2610,0.751,2467,0.71,143,0.041,856,0.246,143,0.055,2466,,132,0.054,2333,0.946,1763,0.715,176,0.071,336,0.136,39,0.016,19,0.008,926,,651,0.703,2467,,1187,0.481,338,0.137,698,0.283,151,0.061,92,0.037,1656,,51,0.031,37,0.022,90,0.054,178,0.107,298,0.18,476,0.287,239,0.144,247,0.149,694,0.419,306,0.185,180,0.109,208,0.126,108278,,1060,,11,0.01,0,0,23,0.022,34,0.032,140,0.132,174,0.164,171,0.161,172,0.162,542,0.511,220,0.208,155,0.146,167,0.158,4240,,213,0.05,621,0.146,3619,0.854,322,,11,0.034,931,,67,0.072,522,,11,0.021,1060,,34,0.032,1656,,73,0.044,593,0.358,988,0.597,1597,0.964,58,0.035,1124,,20,0.018,0,0,6,0.005,26,0.023,1073,0.955,37,0.033,59,0.052,977,0.869,1124,,509,0.453,256,0.228,532,,246,0.462,111,0.209,1656,,755,0.456,367,0.222
"15","neighborhood","Stamford","Cove East Side",17977,,9194,0.511,8783,0.489,1040,0.058,2731,0.152,1737,0.097,3453,0.192,2698,0.15,2835,0.158,1654,0.092,1829,0.102,17977,,7715,0.429,6276,0.349,3149,0.175,689,0.038,148,0.008,6336,,4198,0.663,4198,,2693,0.641,496,0.118,1009,0.24,1466,0.349,135,0.032,628,0.15,6649,,313,0.047,6336,0.953,2694,0.425,3642,0.575,925,,82,0.089,12469,,2307,0.185,10162,0.815,3691,0.296,17977,,7745,0.431,817,0.045,2729,0.152,5016,0.279,16937,,7705,0.455,9232,0.545,4979,0.294,6745,0.398,3832,0.226,14697,,11425,0.777,11425,0.777,10662,0.725,763,0.052,3272,0.223,763,0.067,10475,,245,0.023,10230,0.977,7208,0.688,1350,0.129,1080,0.103,460,0.044,132,0.013,3631,,2679,0.738,10662,,2511,0.236,3208,0.301,2213,0.208,1475,0.138,1255,0.118,6336,,316,0.05,210,0.033,505,0.08,1031,0.163,1452,0.229,2483,0.392,1531,0.242,762,0.12,1560,0.246,691,0.109,478,0.075,391,0.062,81273,,4198,,97,0.023,78,0.019,261,0.062,436,0.104,1117,0.266,1553,0.37,1165,0.278,400,0.095,1080,0.257,514,0.122,355,0.085,211,0.05,17849,,1512,0.085,5193,0.291,12656,0.709,1297,,163,0.126,3738,,265,0.071,1734,,309,0.178,4198,,289,0.069,6336,,583,0.092,2709,0.428,3044,0.48,5899,0.931,437,0.069,2694,,21,0.008,7,0.003,54,0.02,97,0.036,2515,0.934,278,0.103,167,0.062,2070,0.768,2694,,1442,0.535,873,0.324,3642,,2314,0.635,959,0.263,6336,,3756,0.593,1832,0.289
"16","neighborhood","Stamford","Downtown",19440,,9638,0.496,9802,0.504,1445,0.074,1425,0.073,1995,0.103,5818,0.299,3303,0.17,1673,0.086,1627,0.084,2154,0.111,19440,,4133,0.213,8063,0.415,3073,0.158,3698,0.19,473,0.024,9301,,3840,0.413,3840,,3067,0.799,225,0.059,548,0.143,1262,0.329,71,0.018,260,0.068,10806,,1505,0.139,9301,0.861,1992,0.214,7309,0.786,332,,0,0,14575,,946,0.065,13629,0.935,8817,0.605,19440,,8272,0.426,2851,0.147,2317,0.119,5955,0.306,17995,,9489,0.527,8506,0.473,3488,0.194,2863,0.159,1378,0.077,16655,,12727,0.764,12706,0.763,11782,0.707,924,0.055,3928,0.236,924,0.073,11453,,309,0.027,11144,0.973,6922,0.604,703,0.061,2288,0.2,1175,0.103,56,0.005,2854,,1686,0.591,11782,,6791,0.576,1629,0.138,2326,0.197,234,0.02,802,0.068,9301,,784,0.084,477,0.051,581,0.062,1842,0.198,1294,0.139,3136,0.337,1373,0.148,1188,0.128,3604,0.387,1519,0.163,1107,0.119,978,0.105,106372,,3840,,110,0.029,56,0.015,173,0.045,339,0.088,558,0.145,897,0.234,614,0.16,482,0.126,1847,0.481,699,0.182,522,0.136,626,0.163,19432,,2761,0.142,5188,0.267,14244,0.733,1594,,167,0.105,2862,,400,0.14,2154,,557,0.259,3840,,272,0.071,9301,,1907,0.205,4565,0.491,2829,0.304,8842,0.951,459,0.049,1992,,10,0.005,0,0,71,0.036,141,0.071,1770,0.889,290,0.146,416,0.209,1064,0.534,1992,,732,0.367,449,0.225,7309,,2919,0.399,1241,0.17,9301,,3651,0.393,1690,0.182
"17","neighborhood","Stamford","Glenbrook",12814,,6132,0.479,6682,0.521,749,0.058,2019,0.158,1138,0.089,1873,0.146,1857,0.145,1626,0.127,1664,0.13,1888,0.147,12814,,3885,0.303,5795,0.452,1911,0.149,1065,0.083,159,0.012,5063,,3134,0.619,3134,,2193,0.7,174,0.056,767,0.245,853,0.272,122,0.039,528,0.168,5457,,394,0.072,5063,0.928,3039,0.6,2024,0.4,722,,10,0.014,8908,,1099,0.123,7810,0.877,3736,0.419,12814,,4606,0.359,529,0.041,2275,0.178,2331,0.182,12065,,6219,0.515,5847,0.485,2619,0.217,3075,0.255,1514,0.125,10514,,7810,0.743,7810,0.743,7158,0.681,652,0.062,2705,0.257,652,0.083,6989,,170,0.024,6818,0.976,4922,0.704,737,0.105,928,0.133,189,0.027,42,0.006,2683,,2220,0.827,7158,,3082,0.431,1692,0.236,1582,0.221,441,0.062,361,0.05,5063,,185,0.037,164,0.032,428,0.085,777,0.153,1293,0.255,2070,0.409,812,0.16,636,0.126,1545,0.305,732,0.145,291,0.057,522,0.103,89768,,3134,,47,0.015,26,0.008,178,0.057,251,0.08,856,0.273,1107,0.353,464,0.148,440,0.14,1122,0.358,495,0.158,224,0.071,403,0.129,12578,,841,0.067,3910,0.311,8668,0.689,831,,19,0.023,2701,,248,0.092,1749,,135,0.077,3134,,151,0.048,5063,,439,0.087,2022,0.399,2602,0.514,4854,0.959,209,0.041,3039,,57,0.019,34,0.011,117,0.038,234,0.077,2596,0.854,295,0.097,369,0.121,1932,0.636,3039,,1463,0.481,744,0.245,2024,,1142,0.564,573,0.283,5063,,2605,0.515,1317,0.26
"18","neighborhood","Stamford","Newfield",3408,,1627,0.477,1780,0.522,227,0.067,459,0.135,279,0.082,325,0.095,344,0.101,489,0.143,620,0.182,662,0.194,3408,,445,0.131,2693,0.79,64,0.019,135,0.04,70,0.021,1294,,939,0.726,939,,782,0.833,35,0.037,122,0.13,288,0.307,26,0.028,48,0.051,1336,,42,0.031,1294,0.969,1059,0.818,235,0.182,113,,0,0,2441,,70,0.029,2370,0.971,1340,0.549,3408,,469,0.138,12,0.004,273,0.08,197,0.058,3180,,2624,0.825,557,0.175,164,0.052,273,0.086,67,0.021,2806,,2059,0.734,2059,0.734,1914,0.682,145,0.052,747,0.266,145,0.07,1871,,157,0.084,1714,0.916,1427,0.763,46,0.025,228,0.122,13,0.007,0,0,688,,631,0.917,1914,,912,0.476,305,0.159,598,0.312,83,0.043,16,0.008,1294,,41,0.032,66,0.051,55,0.043,162,0.125,64,0.049,226,0.175,94,0.073,100,0.077,874,0.675,267,0.206,201,0.155,406,0.314,169123,,939,,8,0.009,0,0,23,0.024,31,0.033,33,0.035,64,0.068,40,0.043,85,0.091,749,0.798,191,0.203,165,0.176,393,0.419,3408,,127,0.037,332,0.097,3076,0.903,243,,0,0,688,,0,0,662,,69,0.104,939,,8,0.009,1294,,58,0.045,326,0.252,910,0.703,1294,1,0,0,1059,,22,0.021,0,0,0,0,0,0,1034,0.976,6,0.006,18,0.017,1010,0.954,1059,,295,0.279,101,0.095,235,,90,0.383,65,0.277,1294,,385,0.298,166,0.128
"19","neighborhood","Stamford","North Stamford",14599,,7140,0.489,7459,0.511,759,0.052,2748,0.188,940,0.064,942,0.065,1828,0.125,2335,0.16,2517,0.172,2530,0.173,14599,,1337,0.092,11634,0.797,456,0.031,942,0.065,230,0.016,4861,,4084,0.84,4084,,3859,0.945,51,0.012,174,0.043,1675,0.41,24,0.006,66,0.016,5123,,262,0.051,4861,0.949,4564,0.939,297,0.061,751,,0,0,10152,,219,0.022,9933,0.978,7367,0.726,14599,,2755,0.189,272,0.019,1705,0.117,1050,0.072,13840,,10524,0.76,3316,0.24,677,0.049,1207,0.087,298,0.022,11493,,7857,0.684,7857,0.684,7217,0.628,640,0.056,3636,0.316,640,0.081,6971,,750,0.108,6221,0.892,4565,0.655,489,0.07,1113,0.16,19,0.003,35,0.005,3295,,2335,0.709,7217,,4363,0.605,626,0.087,1624,0.225,412,0.057,192,0.027,4861,,79,0.016,63,0.013,49,0.01,191,0.039,371,0.076,562,0.116,300,0.062,353,0.073,3646,0.75,703,0.145,445,0.092,2498,0.514,265223,,4084,,43,0.011,15,0.004,8,0.002,66,0.016,179,0.044,245,0.06,219,0.054,288,0.071,3332,0.816,503,0.123,439,0.107,2390,0.585,14474,,382,0.026,759,0.052,13715,0.948,1018,,0,0,3507,,46,0.013,2422,,49,0.02,4084,,66,0.016,4861,,59,0.012,643,0.132,4159,0.856,4823,0.992,38,0.008,4564,,35,0.008,0,0,8,0.002,16,0.004,4505,0.987,27,0.006,54,0.012,4424,0.969,4564,,1334,0.292,693,0.152,297,,69,0.232,25,0.084,4861,,1403,0.289,718,0.148
"20","neighborhood","Stamford","Ph Roxbury Westover",4972,,2522,0.507,2450,0.493,340,0.068,663,0.133,200,0.04,305,0.061,738,0.148,624,0.126,806,0.162,1296,0.261,4972,,460,0.093,3998,0.804,167,0.034,244,0.049,103,0.021,1715,,1281,0.747,1281,,1139,0.889,56,0.044,86,0.067,412,0.322,43,0.034,0,0,1798,,83,0.046,1715,0.954,1494,0.871,221,0.129,146,,0,0,3769,,156,0.041,3613,0.959,2413,0.64,4972,,1078,0.217,54,0.011,669,0.135,409,0.082,4632,,3615,0.78,1017,0.22,442,0.095,264,0.057,123,0.027,4035,,2438,0.604,2438,0.604,2281,0.565,157,0.039,1597,0.396,157,0.064,2239,,312,0.139,1927,0.861,1344,0.6,112,0.05,378,0.169,43,0.019,50,0.022,1003,,606,0.604,2281,,1405,0.616,153,0.067,555,0.243,138,0.06,30,0.013,1715,,24,0.014,27,0.016,54,0.031,105,0.061,196,0.114,301,0.176,144,0.084,139,0.081,1131,0.659,243,0.142,219,0.128,669,0.39,231874,,1281,,0,0,12,0.009,6,0.005,18,0.014,80,0.062,98,0.077,76,0.059,109,0.085,998,0.779,201,0.157,195,0.152,602,0.47,4867,,116,0.024,209,0.043,4658,0.957,427,,0,0,1003,,0,0,1203,,65,0.054,1281,,12,0.009,1715,,137,0.08,357,0.208,1221,0.712,1715,1,0,0,1494,,11,0.007,0,0,10,0.007,31,0.021,1442,0.965,0,0,7,0.005,1435,0.961,1494,,486,0.325,160,0.107,221,,90,0.407,68,0.308,1715,,576,0.336,228,0.133
"21","neighborhood","Stamford","Ridgeway",4678,,2613,0.559,2065,0.441,346,0.074,595,0.127,376,0.08,918,0.196,665,0.142,563,0.12,631,0.135,584,0.125,4678,,1300,0.278,2073,0.443,801,0.171,432,0.092,72,0.015,1582,,1108,0.7,1108,,858,0.774,103,0.093,147,0.133,320,0.289,18,0.016,19,0.017,1691,,109,0.064,1582,0.936,1256,0.794,326,0.206,93,,0,0,3361,,280,0.083,3081,0.917,1458,0.434,4678,,1426,0.305,162,0.035,768,0.164,658,0.141,4332,,2475,0.571,1857,0.429,632,0.146,1001,0.231,424,0.098,3788,,2946,0.778,2946,0.778,2589,0.683,357,0.094,842,0.222,357,0.121,2496,,108,0.043,2388,0.957,1816,0.728,217,0.087,288,0.115,39,0.016,28,0.011,845,,676,0.8,2589,,1219,0.471,580,0.224,535,0.207,150,0.058,105,0.041,1582,,48,0.03,22,0.014,37,0.023,107,0.068,199,0.126,306,0.193,236,0.149,250,0.158,790,0.499,283,0.179,192,0.121,315,0.199,133522,,1108,,13,0.012,0,0,24,0.022,37,0.033,113,0.102,150,0.135,156,0.141,164,0.148,638,0.576,250,0.226,133,0.12,255,0.23,4642,,124,0.027,787,0.17,3855,0.83,373,,0,0,905,,15,0.017,584,,18,0.031,1108,,13,0.012,1582,,41,0.026,512,0.324,1029,0.65,1554,0.982,28,0.018,1256,,49,0.039,14,0.011,84,0.067,66,0.053,1043,0.83,33,0.026,142,0.113,868,0.691,1256,,399,0.318,182,0.145,326,,117,0.359,37,0.113,1582,,516,0.326,219,0.138
"22","neighborhood","Stamford","Shippan",2281,,1149,0.504,1132,0.496,112,0.049,402,0.176,86,0.038,246,0.108,239,0.105,455,0.199,373,0.164,368,0.161,2281,,258,0.113,1879,0.824,36,0.016,86,0.038,22,0.01,820,,586,0.715,586,,527,0.899,3,0.005,56,0.096,259,0.442,3,0.005,11,0.019,879,,59,0.067,820,0.933,717,0.874,103,0.126,45,,0,0,1681,,37,0.022,1644,0.978,1210,0.72,2281,,408,0.179,123,0.054,189,0.083,219,0.096,2169,,1676,0.773,493,0.227,131,0.06,197,0.091,44,0.02,1799,,1195,0.664,1195,0.664,1153,0.641,42,0.023,604,0.336,42,0.035,1126,,107,0.095,1019,0.905,608,0.54,76,0.067,278,0.247,32,0.028,25,0.022,514,,282,0.549,1153,,754,0.654,73,0.063,280,0.243,23,0.02,23,0.02,820,,23,0.028,6,0.007,17,0.021,46,0.056,81,0.099,127,0.155,66,0.08,63,0.077,564,0.688,115,0.14,59,0.072,390,0.476,240108,,586,,19,0.032,6,0.01,8,0.014,33,0.056,47,0.08,80,0.137,11,0.019,32,0.055,463,0.79,77,0.131,52,0.089,334,0.57,2281,,92,0.04,226,0.099,2055,0.901,132,,0,0,514,,6,0.012,368,,1,0.003,586,,22,0.038,820,,21,0.026,241,0.294,558,0.68,820,1,0,0,717,,0,0,0,0,3,0.004,0,0,714,0.996,4,0.006,0,0,710,0.99,717,,230,0.321,135,0.188,103,,34,0.33,10,0.097,820,,264,0.322,145,0.177
"23","neighborhood","Stamford","South End",4468,,2340,0.524,2128,0.476,380,0.085,614,0.137,554,0.124,1150,0.257,679,0.152,677,0.152,228,0.051,186,0.042,4468,,2154,0.482,1287,0.288,900,0.201,88,0.02,39,0.009,1602,,824,0.514,824,,452,0.549,111,0.135,261,0.317,217,0.263,64,0.078,169,0.205,1919,,317,0.165,1602,0.835,130,0.081,1472,0.919,208,,0,0,2920,,555,0.19,2365,0.81,891,0.305,4468,,1606,0.359,214,0.048,179,0.04,1427,0.319,4088,,2018,0.494,2070,0.506,1145,0.28,1676,0.41,983,0.24,3611,,2925,0.81,2920,0.809,2552,0.707,368,0.102,686,0.19,368,0.126,2521,,31,0.012,2490,0.988,1331,0.528,361,0.143,435,0.173,318,0.126,45,0.018,879,,572,0.651,2552,,895,0.351,710,0.278,495,0.194,260,0.102,192,0.075,1602,,147,0.092,43,0.027,202,0.126,392,0.245,308,0.192,700,0.437,233,0.145,145,0.091,524,0.327,279,0.174,73,0.046,172,0.107,105572,,824,,59,0.072,29,0.035,168,0.204,256,0.311,181,0.22,437,0.53,107,0.13,46,0.056,234,0.284,121,0.147,40,0.049,73,0.089,4377,,1159,0.265,2218,0.507,2159,0.493,384,,176,0.458,909,,338,0.372,186,,95,0.511,824,,184,0.223,1602,,283,0.177,856,0.534,463,0.289,1396,0.871,206,0.129,130,,0,0,0,0,6,0.046,18,0.138,106,0.815,22,0.169,16,0.123,68,0.523,130,,68,0.523,32,0.246,1472,,691,0.469,475,0.323,1602,,759,0.474,507,0.316
"24","neighborhood","Stamford","Springdale",7229,,3478,0.481,3751,0.519,507,0.07,1182,0.164,554,0.077,1141,0.158,970,0.134,970,0.134,1042,0.144,866,0.12,7229,,1428,0.198,4257,0.589,592,0.082,648,0.09,305,0.042,2881,,1681,0.583,1681,,1197,0.712,119,0.071,365,0.217,665,0.396,24,0.014,194,0.115,2966,,85,0.029,2881,0.971,1999,0.694,881,0.306,397,,7,0.018,4989,,331,0.066,4659,0.934,2224,0.446,7229,,1829,0.253,149,0.021,841,0.116,987,0.137,6723,,4481,0.667,2242,0.333,713,0.106,882,0.131,384,0.057,5731,,4417,0.771,4412,0.77,4078,0.712,334,0.058,1314,0.229,334,0.076,4015,,171,0.043,3845,0.958,3069,0.764,240,0.06,389,0.097,82,0.02,66,0.016,1649,,1229,0.745,4078,,1692,0.415,977,0.24,821,0.201,273,0.067,315,0.077,2881,,129,0.045,108,0.037,205,0.071,442,0.153,463,0.161,905,0.314,457,0.159,457,0.159,1064,0.369,444,0.154,222,0.077,398,0.138,102656,,1681,,21,0.012,0,0,77,0.046,98,0.058,259,0.154,357,0.212,339,0.202,270,0.161,715,0.425,251,0.149,191,0.114,273,0.162,7205,,312,0.043,1600,0.222,5605,0.778,624,,0,0,1663,,21,0.013,866,,34,0.039,1681,,21,0.012,2881,,207,0.072,1084,0.376,1591,0.552,2804,0.973,76,0.026,1999,,8,0.004,27,0.014,0,0,180,0.09,1786,0.893,64,0.032,139,0.07,1583,0.792,1999,,885,0.443,452,0.226,881,,528,0.599,308,0.35,2880,,1413,0.491,760,0.264
"25","neighborhood","Stamford","Turn Of River",12589,,6247,0.496,6342,0.504,668,0.053,1994,0.158,1005,0.08,1459,0.116,1625,0.129,2136,0.17,1609,0.128,2093,0.166,12589,,1404,0.112,8817,0.7,706,0.056,1367,0.109,295,0.023,4327,,3260,0.753,3260,,2794,0.857,66,0.02,400,0.123,1327,0.407,13,0.004,145,0.044,4506,,179,0.04,4327,0.96,3868,0.894,459,0.106,667,,50,0.075,8922,,543,0.061,8379,0.939,4980,0.558,12589,,3214,0.255,304,0.024,1925,0.153,1289,0.102,11921,,8062,0.676,3859,0.324,1159,0.097,1189,0.1,360,0.03,10287,,7467,0.726,7467,0.726,6954,0.676,513,0.05,2820,0.274,513,0.069,6736,,360,0.053,6376,0.947,5060,0.751,490,0.073,696,0.103,69,0.01,61,0.009,2659,,2202,0.828,6954,,3750,0.539,900,0.129,1504,0.216,465,0.067,335,0.048,4327,,40,0.009,43,0.01,131,0.03,214,0.049,449,0.104,663,0.153,360,0.083,572,0.132,2732,0.631,993,0.229,521,0.12,1218,0.281,167364,,3260,,0,0,0,0,43,0.013,43,0.013,276,0.085,319,0.098,221,0.068,459,0.141,2261,0.694,789,0.242,401,0.123,1071,0.329,12569,,168,0.013,650,0.052,11919,0.948,854,,0,0,2662,,0,0,2093,,25,0.012,3260,,0,0,4327,,100,0.023,1151,0.266,3076,0.711,4278,0.989,49,0.011,3868,,26,0.007,42,0.011,29,0.007,8,0.002,3763,0.973,51,0.013,73,0.019,3639,0.941,3868,,1204,0.311,582,0.15,459,,153,0.333,44,0.096,4327,,1357,0.314,626,0.145
"26","neighborhood","Stamford","Waterside",5836,,3039,0.521,2797,0.479,345,0.059,981,0.168,329,0.056,1608,0.276,610,0.105,549,0.094,781,0.134,633,0.108,5836,,2739,0.469,1506,0.258,1480,0.254,111,0.019,0,0,1993,,1323,0.664,1323,,733,0.554,104,0.079,486,0.367,330,0.249,39,0.029,248,0.187,2200,,207,0.094,1993,0.906,799,0.401,1194,0.599,277,,0,0,4181,,1042,0.249,3139,0.751,1210,0.289,5836,,1931,0.331,400,0.069,318,0.054,1613,0.276,5491,,2762,0.503,2729,0.497,1573,0.286,2339,0.426,1463,0.266,4645,,3230,0.695,3230,0.695,3050,0.657,180,0.039,1415,0.305,180,0.056,2972,,173,0.058,2799,0.942,1546,0.52,90,0.03,747,0.251,361,0.121,55,0.019,1203,,826,0.687,3050,,816,0.268,951,0.312,568,0.186,494,0.162,221,0.072,1993,,45,0.023,103,0.052,305,0.153,453,0.227,232,0.116,685,0.344,446,0.224,356,0.179,506,0.254,253,0.127,77,0.039,176,0.088,94741,,1323,,0,0,103,0.078,262,0.198,365,0.276,90,0.068,455,0.344,263,0.199,295,0.223,310,0.234,120,0.091,57,0.043,133,0.101,5836,,1244,0.213,2627,0.45,3209,0.55,424,,191,0.45,1326,,501,0.378,633,,45,0.071,1323,,231,0.175,1993,,258,0.129,945,0.474,790,0.396,1880,0.943,113,0.057,799,,42,0.053,13,0.016,14,0.018,19,0.024,711,0.89,24,0.03,65,0.081,622,0.778,799,,399,0.499,216,0.27,1194,,751,0.629,364,0.305,1993,,1150,0.577,580,0.291
"27","neighborhood","Stamford","West Side",12861,,6626,0.515,6235,0.485,841,0.065,2620,0.204,1268,0.099,2330,0.181,2160,0.168,1587,0.123,964,0.075,1091,0.085,12861,,5925,0.461,2330,0.181,4062,0.316,380,0.03,164,0.013,4278,,2902,0.678,2902,,1777,0.612,266,0.092,859,0.296,1045,0.36,123,0.042,538,0.185,4704,,426,0.091,4278,0.909,1281,0.299,2997,0.701,712,,57,0.08,8132,,1968,0.242,6164,0.758,1561,0.192,12861,,5990,0.466,570,0.044,1939,0.151,4051,0.315,12020,,4522,0.376,7498,0.624,4050,0.337,5254,0.437,2969,0.247,9733,,7627,0.784,7627,0.784,6737,0.692,890,0.091,2106,0.216,890,0.117,6632,,195,0.029,6437,0.971,3863,0.582,1058,0.16,818,0.123,668,0.101,30,0.005,3299,,2816,0.854,6737,,1387,0.206,2524,0.375,1495,0.222,988,0.147,343,0.051,4278,,332,0.078,171,0.04,354,0.083,857,0.2,1206,0.282,2063,0.482,900,0.21,572,0.134,743,0.174,451,0.105,97,0.023,195,0.046,68726,,2902,,95,0.033,74,0.025,324,0.112,493,0.17,814,0.28,1307,0.45,596,0.205,508,0.175,491,0.169,276,0.095,64,0.022,151,0.052,12704,,2228,0.175,5319,0.419,7385,0.581,939,,124,0.132,3362,,765,0.228,1044,,170,0.163,2902,,388,0.134,4278,,725,0.169,1791,0.419,1762,0.412,3915,0.915,363,0.085,1281,,0,0,14,0.011,11,0.009,77,0.06,1179,0.92,292,0.228,113,0.088,774,0.604,1281,,648,0.506,282,0.22,2997,,1889,0.63,911,0.304,4278,,2537,0.593,1193,0.279
"28","city",,"Bridgeport",147022,,71331,0.485,75691,0.515,10518,0.072,25227,0.172,17666,0.12,24419,0.166,19926,0.136,18235,0.124,15942,0.108,15089,0.103,147022,,57688,0.392,31942,0.217,48518,0.33,4561,0.031,4313,0.029,50357,,32376,0.643,32376,,16411,0.507,3572,0.11,12393,0.383,7507,0.232,1449,0.045,6894,0.213,57658,,7301,0.127,50357,0.873,20657,0.41,29700,0.59,8561,,978,0.114,93611,,22131,0.236,71480,0.764,16728,0.179,147022,,42204,0.287,7187,0.049,15108,0.103,27096,0.184,136504,,72248,0.529,64256,0.471,31462,0.23,44702,0.327,22093,0.162,115093,,79549,0.691,79539,0.691,67459,0.586,12080,0.105,35544,0.309,12080,0.152,65871,,1795,0.027,64076,0.973,44015,0.668,8445,0.128,7590,0.115,3214,0.049,812,0.012,33495,,25881,0.773,67459,,16469,0.244,19948,0.296,15055,0.223,6480,0.096,9507,0.141,50357,,5776,0.115,3237,0.064,6840,0.136,15853,0.315,12581,0.25,28434,0.565,8290,0.165,5753,0.114,7880,0.156,5014,0.1,1483,0.029,1383,0.027,58870,,32376,,2815,0.087,1527,0.047,3553,0.11,7895,0.244,8892,0.275,16787,0.519,5269,0.163,4157,0.128,6163,0.19,3897,0.12,1147,0.035,1119,0.035,142221,,31453,0.221,66360,0.467,75861,0.533,12287,,4596,0.374,35025,,11524,0.329,14426,,2074,0.144,32376,,6200,0.191,50357,,10653,0.212,20021,0.398,19683,0.391,47523,0.944,2834,0.056,20657,,1413,0.068,2475,0.12,3826,0.185,5922,0.287,7021,0.34,2808,0.136,2365,0.114,1848,0.089,20657,,8986,0.435,4302,0.208,29700,,17179,0.578,10225,0.344,50357,,26165,0.52,14527,0.288
"29","city",,"Stamford",127410,,63755,0.5,63655,0.5,8041,0.063,19100,0.15,10740,0.084,22290,0.175,18363,0.144,17100,0.134,15075,0.118,16701,0.131,127410,,33826,0.265,63256,0.496,17822,0.14,10249,0.08,2257,0.018,47708,,30220,0.633,30220,,22905,0.758,1832,0.061,5483,0.181,10453,0.346,712,0.024,2949,0.098,51811,,4103,0.079,47708,0.921,26016,0.545,21692,0.455,5643,,223,0.04,89529,,9807,0.11,79722,0.89,42319,0.473,127410,,42386,0.333,6578,0.052,16736,0.131,25650,0.201,119369,,68990,0.578,50379,0.422,22178,0.186,27454,0.23,14038,0.118,103268,,76741,0.743,76701,0.743,70593,0.684,6108,0.059,26527,0.257,6108,0.08,68962,,3220,0.047,65742,0.953,45444,0.659,6145,0.089,10002,0.145,3507,0.051,644,0.009,26128,,19412,0.743,70593,,30765,0.436,14665,0.208,15294,0.217,5587,0.079,4282,0.061,47708,,2244,0.047,1540,0.032,3012,0.063,6796,0.142,7905,0.166,14701,0.308,7190,0.151,5840,0.122,19977,0.419,7279,0.153,4162,0.087,8536,0.179,128362,,30220,,523,0.017,399,0.013,1578,0.052,2500,0.083,4745,0.157,7245,0.24,4441,0.147,3750,0.124,14784,0.489,4708,0.156,2994,0.099,7082,0.234,126461,,11279,0.089,29639,0.234,96822,0.766,9462,,851,0.09,26770,,2672,0.1,16220,,1583,0.098,30220,,1691,0.056,47708,,4890,0.102,17795,0.373,25023,0.525,45672,0.957,2036,0.043,26016,,302,0.012,151,0.006,413,0.016,912,0.035,24238,0.932,1423,0.055,1638,0.063,21177,0.814,26016,,10092,0.388,5156,0.198,21692,,11033,0.509,5191,0.239,47708,,21125,0.443,10347,0.217
"30","county",,"Fairfield County",941618,,458490,0.487,483128,0.513,53839,0.057,168167,0.179,83220,0.088,108908,0.116,122317,0.13,148125,0.157,121608,0.129,135434,0.144,941618,,175480,0.186,598017,0.635,98457,0.105,47323,0.05,22341,0.024,335209,,235064,0.701,235064,,179406,0.763,14140,0.06,41518,0.177,82397,0.351,6225,0.026,21876,0.093,364737,,29528,0.081,335209,0.919,226707,0.676,108502,0.324,53722,,2577,0.048,636392,,64298,0.101,572094,0.899,295047,0.464,941618,,199191,0.212,28861,0.031,88778,0.094,110413,0.117,887779,,628152,0.708,259627,0.292,106799,0.12,137595,0.155,63591,0.072,746885,,510737,0.684,510491,0.683,468570,0.627,41921,0.056,236148,0.316,41921,0.082,458236,,26017,0.057,432219,0.943,330487,0.721,37278,0.081,46592,0.102,13847,0.03,4015,0.009,215036,,146608,0.682,468570,,207430,0.443,83675,0.179,109017,0.233,33750,0.072,34698,0.074,335209,,16330,0.049,10291,0.031,23262,0.069,49883,0.149,52952,0.158,102835,0.307,46133,0.138,37893,0.113,148348,0.443,54897,0.164,30571,0.091,62880,0.188,141494,,235064,,6508,0.028,3894,0.017,10140,0.043,20542,0.087,32064,0.136,52606,0.224,30098,0.128,26631,0.113,125729,0.535,43596,0.185,25642,0.109,56491,0.24,923385,,81553,0.088,196117,0.212,727268,0.788,65189,,8222,0.126,219170,,23736,0.108,130544,,9121,0.07,235064,,15067,0.064,335209,,26972,0.08,102806,0.307,205431,0.613,326671,0.975,8538,0.025,226707,,4974,0.022,4639,0.02,7827,0.035,15248,0.067,194019,0.856,16886,0.074,20122,0.089,157011,0.693,226707,,78854,0.348,35439,0.156,108502,,55021,0.507,29552,0.272,335209,,133875,0.399,64991,0.194
"31","state",,"Connecticut",3588570,,1750270,0.488,1838300,0.512,188812,0.053,584840,0.163,348789,0.097,438471,0.122,439606,0.123,545977,0.152,487052,0.136,555023,0.155,3588570,,537728,0.15,2464450,0.687,347674,0.097,151376,0.042,87342,0.024,1354713,,894413,0.66,894413,,660846,0.739,60024,0.067,173543,0.194,263372,0.294,25676,0.029,94359,0.105,1493798,,139085,0.093,1354713,0.907,900223,0.665,454490,0.335,203789,,10184,0.05,2466129,,242932,0.099,2223197,0.901,938319,0.38,3588570,,503209,0.14,85265,0.024,248580,0.069,254629,0.071,3399758,,2649470,0.779,750288,0.221,277898,0.082,391576,0.115,153684,0.045,2911925,,1957060,0.672,1948693,0.669,1793688,0.616,155005,0.053,954865,0.328,155005,0.08,1761516,,81050,0.046,1680466,0.954,1379406,0.783,143187,0.081,85762,0.049,57232,0.032,14879,0.008,744560,,551562,0.741,1793688,,754723,0.421,320110,0.178,417413,0.233,130944,0.073,170498,0.095,1354713,,75787,0.056,50565,0.037,109384,0.081,235736,0.174,249351,0.184,485087,0.358,217945,0.161,172153,0.127,479528,0.354,229491,0.169,111209,0.082,138828,0.102,102616,,894413,,29623,0.033,17060,0.019,44354,0.05,91037,0.102,135756,0.152,226793,0.254,137336,0.154,124033,0.139,406251,0.454,186214,0.208,96075,0.107,123962,0.139,3479672,,360464,0.104,812120,0.233,2667552,0.767,226198,,36897,0.163,763850,,107690,0.141,533413,,38003,0.071,894413,,65559,0.073,1354713,,122629,0.091,441065,0.326,791019,0.584,1329924,0.982,24789,0.018,900223,,24343,0.027,29703,0.033,81158,0.09,139979,0.155,625040,0.694,130122,0.145,115949,0.129,378969,0.421,900223,,275122,0.306,110214,0.122,454490,,222803,0.49,117479,0.258,1354713,,497925,0.368,227693,0.168
